title,doi,status,reason
Automatically Benchmarking LLM Code Agents through Agent-driven Annotation and Evaluation,10.65109/hjfb4234,dup_openalex,already in OpenAlex 648
Session Summary Podcast: Session 3: Agentic System Evaluation,10.5555/3786167.3818234,exclude_fair-division,fair-division/econ-theory
"SBOMs into Agentic AIBOMs: Schema Extensions, Agentic Orchestration and Reproducibility Evaluation",10.1145/3798285,exclude_fair-division,fair-division/econ-theory
"What Is Your AI Agent Buying? Evaluation, Biases, Model Dependence, & Emerging Implications of Agentic E-Commerce",10.1145/3774904.3792943,exclude_fair-division,fair-division/econ-theory
"REALM-Bench: A Benchmark for Evaluating Multi-Agent Systems on Real-world, Dynamic Planning and Scheduling Tasks",10.1145/3770854.3785692,candidate_agentic,LLM/agentic benchmark or eval
FinAgentBench: A Benchmark Dataset for Agentic Retrieval in Financial Question Answering,10.1145/3768292.3770362,dup_openalex,already in OpenAlex 648
CPEMH: An Agentic Framework for Prompt-Driven Behavior Evaluation and Assurance in Foundation-Model Systems for Mental Health Screening,10.1145/3786167.3788419,exclude_fair-division,fair-division/econ-theory
MoralityGym: A Benchmark for Evaluating Hierarchical Moral Alignment in Sequential Decision-Making Agents,10.65109/sakl6648,dup_openalex,already in OpenAlex 648
BusEnv: A Multi-agent Reinforcement Learning Environment and Benchmark for Urban Public Transportation,10.65109/cyha2042,exclude_MARL,MARL/RL-theory/control
Security Analysis of Agentic AI Communication Protocols: A Comparative Evaluation,10.1145/3803431,exclude_fair-division,fair-division/econ-theory
A Catalogue of Evaluation Metrics for LLM-Based Multi-Agent Frameworks in Software Engineering,10.1145/3786167.3788430,exclude_fair-division,fair-division/econ-theory
Towards a framework for Bias Evaluation of AI Agents in Agentic Workflows,10.1145/3777490.3777504,exclude_fair-division,fair-division/econ-theory
Beyond Task Completion: An Assessment Framework for Evaluating Agentic AI Systems,10.1145/3786167.3788414,candidate_agentic,LLM/agentic benchmark or eval
Agentic Performance at the Edge: Insights from Benchmarking,10.1145/3812836.3814741,candidate_agentic,LLM/agentic benchmark or eval
SusBench: An Online Benchmark for Evaluating Dark Pattern Susceptibility of Computer-Use Agents,10.1145/3742413.3789111,dup_openalex,already in OpenAlex 648
DraftNEPABench: A Benchmark for Drafting NEPA Document Sections with Coding Agents,10.1145/3786335.3813132,candidate_agentic,LLM/agentic benchmark or eval
FinReflectKG: Agentic Construction and Evaluation of Financial Knowledge Graphs,10.1145/3768292.3770363,exclude_fair-division,fair-division/econ-theory
TEME: A Multi-Agent Evaluation Framework for Spanish Medical Speech Recognition,10.65109/rhnt7438,exclude_fair-division,fair-division/econ-theory
AgenticShop: Benchmarking Agentic Product Curation for Personalized Web Shopping,10.1145/3774904.3792724,candidate_agentic,LLM/agentic benchmark or eval
From Model Diagram to Code: A Benchmark Dataset and Multi-Agent Framework,10.1145/3746027.3755425,candidate_agentic,LLM/agentic benchmark or eval
"AI Ethics & Policy Column: Challenges Presented by Agentic AI - We Need Appropriate Evaluation, Literacy, and Governance",10.1145/3811926.3811932,exclude_fair-division,fair-division/econ-theory
MOSMAC: A Multi-agent Reinforcement Learning Benchmark on Sequential Multi-Objective Tasks,10.5555/3709347.3743605,exclude_MARL,MARL/RL-theory/control
Arena: Benchmarking AI Agent Frameworks Under Fixed-Model Conditions,10.1145/3786335.3813233,candidate_agentic,LLM/agentic benchmark or eval
Towards Generalizable Motion Evaluation in Digital Arts Education: A Zero-Shot Agentic Framework,10.1145/3799457.3799648,exclude_fair-division,fair-division/econ-theory
ELT-Bench: An End-to-End Benchmark for Evaluating AI Agents on ELT Pipelines,10.14778/3773749.3773750,dup_openalex,already in OpenAlex 648
KDD Workshop on Evaluation and Trustworthiness of Agentic and Generative AI,10.1145/3711896.3737854,exclude_fair-division,fair-division/econ-theory
LLMEvalRec: An Agentic Framework for Simulating Users to Evaluate News Recommendation Systems,10.65109/efzy6916,candidate_agentic,LLM/agentic benchmark or eval
DocETL: Agentic Query Rewriting and Evaluation for Complex Document Processing,10.14778/3746405.3746426,exclude_fair-division,fair-division/econ-theory
Evaluation and Benchmarking of LLM Agents: A Survey,10.1145/3711896.3736570,dup_openalex,already in OpenAlex 648
Heuristics Based User Experience Evaluation for Identifying Challenges in IoT Enabled Conversational Agent Design,10.1145/3765766.3765824,exclude_fair-division,fair-division/econ-theory
Exploring Recommender System Evaluation: A Multi-Modal LLM Agent Framework for A/B Testing,10.1145/3770854.3785688,exclude_fair-division,fair-division/econ-theory
GCMRBench: Goal-Conditioned Multi-Robot Environments and Benchmarks for Advancing Offline Multi-Agent Reinforcement Learning,10.65109/hrlq1652,exclude_MARL,MARL/RL-theory/control
GeoBenchX: Benchmarking LLMs in Agent Solving Multistep Geospatial Tasks,10.1145/3764915.3770721,dup_openalex,already in OpenAlex 648
Empirical Evaluation of Driving Behavior Improvements through Continuous Use of a Driver Agent,10.1145/3776734.3794370,exclude_fair-division,fair-division/econ-theory
FinResearchBench: A Logic Tree based Agent-as-a-Judge Evaluation Framework for Financial Research Agents,10.1145/3768292.3770364,exclude_fair-division,fair-division/econ-theory
Towards the Embodied Conversational Interview Agentic Service ELIAS: Development and Evaluation of a First Prototype,10.1145/3708319.3733810,exclude_fair-division,fair-division/econ-theory
Valkyrie: A Microservice-Based Framework for Scalable Evaluation of AI Agents,10.1145/3786335.3813231,exclude_fair-division,fair-division/econ-theory
AGENT-CQ: Automatic Generation and Evaluation of Clarifying Questions for Conversational Search with Large Language Models,10.1145/3809182,exclude_fair-division,fair-division/econ-theory
Does Safety Molt? Evaluating LLM Safety in Multi-Agent Social Environments,10.1145/3786335.3813173,candidate_agentic,LLM/agentic benchmark or eval
Enhancing Medical AI Safety Through Multi-Agent Evaluation and Iterative Refinement,10.1145/3765612.3768142,exclude_fair-division,fair-division/econ-theory
TaxAI: A Dynamic Economic Simulator and Benchmark for Multi-agent Reinforcement Learning,10.5555/3635637.3662998,dup_openalex,already in OpenAlex 648
Beyond Static Evaluation: Rethinking the Assessment of Personalized Agent Adaptability in Information Retrieval,10.1145/3767695.3769484,exclude_fair-division,fair-division/econ-theory
Research on Modeling Simulation and Performance Evaluation of Multi-Agent Cooperative Tasks,10.1145/3797161.3797164,exclude_fair-division,fair-division/econ-theory
A Sim-to-Real Benchmark and Analysis of Open-Source Vision and Language Agents for PTZ Camera Tasks,10.1145/3757279.3785641,candidate_agentic,LLM/agentic benchmark or eval
"Guiding, Not Railroading: Design and Evaluation of a Multi-Agent System for Narrative Redirection in Role-playing Games",10.1145/3742413.3789218,exclude_fair-division,fair-division/econ-theory
DCA-Bench: A Benchmark for Dataset Curation Agents,10.1145/3711896.3737422,dup_openalex,already in OpenAlex 648
Benchmarking the DeepResearch Agent in the Game Domain,10.1145/3807246.3807324,candidate_agentic,LLM/agentic benchmark or eval
UAV-ON: A Benchmark for Open-World Object Goal Navigation with Aerial Agents,10.1145/3746027.3758251,dup_openalex,already in OpenAlex 648
Comparative Evaluation of Local vs. Cloud LLMs and a Multi-Agent System for Sentiment Feature Extraction,10.1145/3789982.3790000,exclude_fair-division,fair-division/econ-theory
"Autonomous Research Loops: An LLM-Agent Framework for End-to-End ML Experimentation, Manuscripting, and Self-Evaluation",10.1145/3802133.3802134,exclude_fair-division,fair-division/econ-theory
An Intelligent Multi-Agent Framework for Automated Drafting and Compliance Optimization of Cadre Evaluation Materials,10.1145/3788910.3788939,exclude_fair-division,fair-division/econ-theory
Interdisciplinary Knowledge Graph-Driven STEM Teacher Assistant Agent: Model Construction and Evaluation,10.1145/3768421.3768501,exclude_fair-division,fair-division/econ-theory
"Precision Transformation of Academic Guidance for College Students with AI Agent Assistance: Needs Analysis, Model Construction, and Effectiveness Evaluation",10.1145/3802607.3802619,exclude_fair-division,fair-division/econ-theory
"Collaborate, Deliberate, Evaluate: How LLM Alignment Affects Coordinated Multi-Agent Outcomes",10.65109/uqpo8536,dup_openalex,already in OpenAlex 648
Active Evaluation of General Agents: Problem Definition and Comparison of Baseline Algorithms,10.65109/pubn4692,exclude_fair-division,fair-division/econ-theory
Survey of Emerging Trends in LLM Agent Benchmarking,10.1145/3784013.3784018,dup_openalex,already in OpenAlex 648
Evaluating XAI Support From A Hierarchical Reinforcement Learning Policy in Human-Agent Collaboration,10.65109/hdmg2174,exclude_MARL,MARL/RL-theory/control
LLM-Driven Agent-Based Evaluation Framework for Occupant-Centric HVAC Control Considering Individual Differences and Movement Behavior,10.1145/3736425.3772325,dup_openalex,already in OpenAlex 648
Design and Evaluation of Generative Agent-based Platform for Human-Assistant Interaction Research: A Tale of 10 User Studies,10.1145/3770661,exclude_fair-division,fair-division/econ-theory
Benchmarking Agents in Insurance Underwriting Environments,10.1145/3786335.3813156,candidate_agentic,LLM/agentic benchmark or eval
A Comprehensive Evaluation Framework for Multi-Agent Reinforcement Learning,10.1145/3719545.3759089,exclude_fair-division,fair-division/econ-theory
Construction of a Retrieval-Augmented LLM Agent for Health Education and a Multi-dimensional Evaluation Framework: A Comparative Study of Chinese Large Language Models,10.1145/3806980.3806990,exclude_fair-division,fair-division/econ-theory
QD-MAPPER: A Quality Diversity Framework to Automatically Evaluate Multi-Agent Path Finding Algorithms in Diverse Maps,10.65109/uzvn6052,candidate_review,manual review
EnEnv 1.0: Energy Grid Environment for Multi-Agent Reinforcement Learning Benchmarking,10.5555/3709347.3743550,dup_openalex,already in OpenAlex 648
Session Summary Podcast: Session 2: Papers: Evaluation & Benchmarking,10.5555/3786335.3818212,exclude_fair-division,fair-division/econ-theory
Simurgh: Multi-Agent Adversarial Benchmarking for Proactive Microservice Observability,10.1145/3748496.3748991,dup_openalex,already in OpenAlex 648
An LLM-based Agentic Framework for Accessible NetworkControl,10.1145/3764944.3764949,candidate_agentic,LLM/agentic benchmark or eval
Bons-AI: An Agent-Based Model to Evaluate the Behavior of Bonsai Grower According to Different Levels of Communication and Experience,10.65109/uhqu6299,exclude_agent-based modeling,agent-based modeling/sim
TRACE: Trajectory-Aware Comprehensive Evaluation for Deep Research Agents,10.1145/3774904.3792738,exclude_fair-division,fair-division/econ-theory
An Extended Benchmarking of Multi-Agent Reinforcement Learning Algorithms in Complex Fully Cooperative Tasks,10.5555/3709347.3743796,dup_openalex,already in OpenAlex 648
Demo Abstract: GIDEA: Generative AI-Powered Interactive Design and Evaluation Platform for Assistant Agent Research,10.1145/3715014.3724368,exclude_fair-division,fair-division/econ-theory
GrowthHacker: Automated Off-Policy Evaluation Optimization Using Code-Modifying LLM Agents,10.1145/3815588,exclude_fair-division,fair-division/econ-theory
On the Limits for Web Accessibility Evaluation Using AI Agents,10.1145/3800424.3800445,exclude_fair-division,fair-division/econ-theory
DriveEval-Agent: A Closed-Loop Framework Combining Zero-Shot Benchmarking and Full Fine-Tuning for Multimodal Autonomous Driving,10.1145/3743093.3770936,dup_openalex,already in OpenAlex 648
EvalAgent: Interactive Comparative Evaluation of Computer-Using GUI Agents,10.1145/3742414.3795096,exclude_fair-division,fair-division/econ-theory
Quantitative and qualitative evaluation of the acceptability of an Embodied Conversational Agent for insomnia screening,10.1145/3652988.3673940,exclude_fair-division,fair-division/econ-theory
A Review of User Experience Evaluation Methods for Intelligent Virtual Agents: A Study of Multi-dimensional Frameworks and Application Scenarios,10.1145/3765766.3765862,exclude_fair-division,fair-division/econ-theory
Enhancing Compliance Training with LLM-Powered Conversational Agents: A Design Science Evaluation of FERPA Education,10.1145/3768310.3807798,exclude_fair-division,fair-division/econ-theory
Toward Sensor-In-the-Loop LLM Agent: Benchmarks and Implications,10.1145/3715014.3722082,dup_openalex,already in OpenAlex 648
Can AI Deliberate? Evaluating Deliberative Quality and Stance Flow in Multi-Agent LLMs,10.1145/3772363.3798877,candidate_review,manual review
Third Workshop on Human-Centered Evaluation and Auditing of Language Models: AI Agents-in-the-Loop,10.1145/3772363.3778709,exclude_fair-division,fair-division/econ-theory
Mosaic: A Multi-Level Framework for Observing and Evaluating Performance of Multi-Agent Systems,10.1145/3772363.3798830,candidate_review,manual review
Joint Evaluation : A Human + LLM + Multi-Agents Collaborative Framework for Comprehensive AI Safety (Jo.E),10.1145/3779211.3795738,exclude_fair-division,fair-division/econ-theory
German and Dutch Translations of the Artificial-Social-Agent Questionnaire Instrument for Evaluating Human-Agent Interactions,10.1145/3652988.3673928,exclude_conversational,conversational/health/chatbot agent
ViBench: A Benchmark on Vibe Coding,10.1145/3786335.3813162,candidate_agentic,LLM/agentic benchmark or eval
CAIM: Development and Evaluation of a Cognitive AI Memory Framework for Long-Term Interaction with Intelligent Agents,10.1145/3742413.3789222,exclude_fair-division,fair-division/econ-theory
LLM Agents for Interactive Workflow Provenance: Reference Architecture and Evaluation Methodology,10.1145/3731599.3767582,dup_openalex,already in OpenAlex 648
Evaluating and Improving Graph-based Explanation Methods for Multi-Agent Coordination,10.5555/3709347.3743941,candidate_review,manual review
Evaluating the Predictability of Disaster Evacuation Behavior using LLM Agent Simulations,10.1145/3764925.3770907,exclude_agent-based modeling,agent-based modeling/sim
Evaluating User Preferences for Gender and Embodiment Scope in Human-Agent Interaction Systems,10.1145/3786995.3787057,candidate_review,manual review
Evaluating Social Acceptance of eXtended Reality (XR) Agent Technology: A User Study,10.1145/3750069.3750317,candidate_review,manual review
Benchmarking Memory Architectures for Mobile Agents in Short-Term and Long-Term Applications,10.1145/3812836.3814752,candidate_agentic,LLM/agentic benchmark or eval
Research on Quality Evaluation System and Methods for Cloud-Native Agents,10.1145/3768184.3768223,exclude_fair-division,fair-division/econ-theory
GENEA Workshop 2025: The 6th Workshop on Generation and Evaluation of Non-verbal Behaviour for Embodied Agents,10.1145/3746027.3762105,exclude_fair-division,fair-division/econ-theory
OpenMCP: an open-source self-hosted benchmarking harness for MCP-enabled computer use agents,10.1145/3805621.3807649,candidate_agentic,LLM/agentic benchmark or eval
Benchmarking the Overhead of Distributed Tracing Agents,10.1145/3777884.3797004,candidate_agentic,LLM/agentic benchmark or eval
ES-MemEval: Benchmarking Conversational Agents on Personalized Long-Term Emotional Support,10.1145/3774904.3792143,exclude_conversational,conversational/health/chatbot agent
ColorBench: Benchmarking Mobile Agents with Graph-Structured Framework for Complex Long-Horizon Tasks,10.1145/3774904.3792215,candidate_agentic,LLM/agentic benchmark or eval
Alan's Speakeasy - An Ecosystem for the Evaluation of Conversational Agents,10.1145/3701716.3715165,exclude_fair-division,fair-division/econ-theory
A Holistic Evaluation Methodology for Multi-Party Spoken Conversational Agents,10.1145/3652988.3673966,exclude_fair-division,fair-division/econ-theory
Socio-Normative Trustworthiness of LLM Agents: Evaluating Autonomy Support and Representational Fairness Across Languages and Identities,10.65109/lchb2977,dup_openalex,already in OpenAlex 648
Beyond Accuracy: Cybersecurity Resilience Evaluation of Intrusion Detection System against DOS Attacks Using Agent-Based Simulation,10.5555/3643142.3643151,exclude_fair-division,fair-division/econ-theory
Team incubation and agency operation effect evaluation and decision-making science of all media matrix under industrial Internet,10.1145/3756423.3756552,exclude_fair-division,fair-division/econ-theory
OWLViz: An Open-World Benchmark for Visual Question Answering,10.65109/epvo9609,candidate_agentic,LLM/agentic benchmark or eval
Evaluating Large Language Models through Communication Games: An Agent-Based Framework Using Werewolf in Unity,10.1145/3723498.3723702,candidate_agentic,LLM/agentic benchmark or eval
"Large Language Model Agents for Investment Management: Foundations, Benchmarks, and Research Frontiers",10.1145/3768292.3770387,dup_openalex,already in OpenAlex 648
Building Conversational Agents for Stroke Rehabilitation: An Evaluation of Large Language Models and Retrieval Augmented Generation,10.1145/3652988.3673924,exclude_fair-division,fair-division/econ-theory
Hijacking JARVIS: Benchmarking Mobile GUI Agents against Unprivileged Third Parties,10.1145/3737902.3768354,candidate_agentic,LLM/agentic benchmark or eval
"MVISU-Bench: Benchmarking Mobile Agents for Real-World Tasks by Multi-App, Vague, Interactive, Single-App and Unethical Instructions",10.1145/3746027.3755695,candidate_agentic,LLM/agentic benchmark or eval
BEHAVE AI: BEst Practices and Guidelines for Human-Centric Design and EvAluation of ProactiVE AI Agents,10.1145/3708557.3716155,exclude_fair-division,fair-division/econ-theory
FormFactory: An Interactive Benchmarking Suite for Multimodal Form-Filling Agents,10.1145/3746027.3758285,candidate_agentic,LLM/agentic benchmark or eval
Playing Dumb to Get Smart: Creating and Evaluating an LLM-based Teachable Agent within University Computer Science Classes,10.1145/3706598.3713644,dup_openalex,already in OpenAlex 648
Effects of Presentation Modalities in Virtual Museum Guides on Agent Impressions and Painting Evaluations.,10.1145/3623809.3623958,exclude_fair-division,fair-division/econ-theory
From Interaction to Impact: Towards Safer AI Agent Through Understanding and Evaluating Mobile UI Operation Impacts,10.1145/3708359.3712153,candidate_agentic,LLM/agentic benchmark or eval
Multi-Agent Reinforcement Learning for Decentralized Reservoir Management via Murmuration Intelligence,10.1145/3764944.3764953,exclude_MARL,MARL/RL-theory/control
Towards a Playground to Democratize Experimentation and Benchmarking of AI Agents for Network Troubleshooting,10.1145/3748496.3748990,candidate_agentic,LLM/agentic benchmark or eval
HumanEvalComm: Benchmarking the Communication Competence of Code Generation for LLMs and LLM Agents,10.1145/3715109,dup_openalex,already in OpenAlex 648
MALLM: Multi-Agent Decision-Making with LLMs for Multi-User Edge-Sensor Environments,10.1145/3764944.3764947,candidate_review,manual review
Benchmarking Robustness and Generalization in Multi-Agent Systems: A Case Study on Neural MMO,10.5555/3545946.3598978,candidate_agentic,LLM/agentic benchmark or eval
Generating and Evaluating Data of Daily Activities with an Autonomous Agent in a Virtual Smart Home,10.1145/3665331,candidate_review,manual review
GENEA Workshop 2024: The 5th Workshop on Generation and Evaluation of Non-verbal Behaviour for Embodied Agents,10.1145/3678957.3688818,exclude_fair-division,fair-division/econ-theory
RobustExplain: Evaluating Robustness of LLM-Based Explanation Agents for Recommendation,10.1145/3774905.3795729,dup_openalex,already in OpenAlex 648
Evaluating LLM-based Agents for Multi-turn Conversations: A Survey,10.1145/3793671,dup_openalex,already in OpenAlex 648
A Risk Ontology for Evaluating AI-Powered Psychotherapy Virtual Agents,10.1145/3717511.3749286,exclude_conversational,conversational/health/chatbot agent
DEBP-PVA: Designing and Evaluating Behavioral Paradigms With Proactive Virtual Agents,10.1145/3742886.3758118,exclude_conversational,conversational/health/chatbot agent
Evaluating Perceived Realism of Micro-Movement Strategies in Artificial Social Agents,10.1145/3717511.3749304,exclude_gesture,gesture/embodied-HCI/SIA
"Exploration, Collaboration, and Applications in Multi-Agent Reinforcement Learning",10.1145/3712170.3712181,exclude_MARL,MARL/RL-theory/control
"""Shall We Dig Deeper?"": Designing and Evaluating Strategies for LLM Agents to Advance Knowledge Co-Construction in Asynchronous Online Discussions",10.1145/3772318.3790551,dup_openalex,already in OpenAlex 648
ImpReSS: Designing and Evaluating a Lightweight Implicit Recommender System in Conversational Support Agents,10.1145/3742413.3789151,candidate_review,manual review
Evaluating a Mechanism for Explaining BDI Agent Behaviour,10.5555/3545946.3598908,exclude_robotics,robotics/BDI/classic-agent
Evaluation of embodied conversational agents designed with ethical principles and personality for cybersecurity ethics training,10.1145/3570945.3607359,exclude_fair-division,fair-division/econ-theory
NuevAI: Streamlined Dataset Generator and Human Evaluator System for Development of Pedagogical Conversational Agents,10.1145/3750069.3750094,exclude_conversational,conversational/health/chatbot agent
Prompt-Gaming: A Pilot Study on LLM-Evaluating Agent in a Meaningful Energy Game,10.1145/3613905.3650774,dup_openalex,already in OpenAlex 648
"Imitation Learning Datasets: A Toolkit For Creating Datasets, Training Agents and Benchmarking",10.5555/3635637.3663292,dup_openalex,already in OpenAlex 648
Agent-Driven Automatic Software Improvement,10.1145/3661167.3661171,candidate_review,manual review
"Evaluating Text-based Conversational Agents for Mental Health: A Systematic Review of Metrics, Methods and Usage Contexts",10.1145/3786995.3787027,exclude_conversational,conversational/health/chatbot agent
EvalAgent: Towards Evaluating News Recommender Systems with LLM-based Agents,10.1145/3746252.3761127,candidate_agentic,LLM/agentic benchmark or eval
Evaluating the Robustness of Multimodal Agents Against Active Environmental Injection Attacks,10.1145/3746027.3755646,candidate_review,manual review
Designing and Evaluating In-Situ Assistive Features to Anticipate Text-Based Responses of Conversational Agents,10.1145/3750069.3750140,exclude_conversational,conversational/health/chatbot agent
On the Fair Allocation to Asymmetric Agents with Binary XOS Valuations,10.65109/bsdw5494,exclude_fair-division,fair-division/econ-theory
GENEA Workshop 2023: The 4th Workshop on Generation and Evaluation of Non-verbal Behaviour for Embodied Agents,10.1145/3577190.3616856,exclude_fair-division,fair-division/econ-theory
Using Agent-Based Simulations to Evaluate Bayesian Networks for Criminal Scenarios,10.1145/3594536.3595125,exclude_agent-based modeling,agent-based modeling/sim
A Framework for Evaluating AI Agents in Open-Ended Conversations via Scripted Simulation,10.1145/3711896.3737390,candidate_agentic,LLM/agentic benchmark or eval
IDAT: A Multi-Modal Dataset and Toolkit for Building and Evaluating Interactive Task-Solving Agents,10.1145/3726302.3730300,candidate_agentic,LLM/agentic benchmark or eval
SEAR: Schema-Based Evaluation and Routing for LLM Gateways,10.1145/3786335.3813131,exclude_fair-division,fair-division/econ-theory
CommunityBots: Creating and Evaluating A Multi-Agent Chatbot Platform for Public Input Elicitation,10.1145/3579469,exclude_conversational,conversational/health/chatbot agent
Relying on the Metrics of Evaluated Agents,10.1145/3696410.3714864,candidate_review,manual review
Robust Multi-Agent Bandits Over Undirected Graphs,10.1145/3606376.3593567,exclude_MARL,MARL/RL-theory/control
Scideator: Human-LLM Compound System for Scientific Ideation through Facet Recombination and Novelty Evaluation,10.1145/3786335.3813161,exclude_fair-division,fair-division/econ-theory
Resource Allocation to Strategic Agents under Cost Constraints,10.1145/3788882.3788885,exclude_fair-division,fair-division/econ-theory
Adaptive Learning Rates for Multi-Agent Reinforcement Learning,10.5555/3545946.3598615,exclude_MARL,MARL/RL-theory/control
Research on The Risk Factors and Evaluation Decision Method of The Grid Trading Agency,10.1145/3582935.3583006,exclude_fair-division,fair-division/econ-theory
Birds of a Feather Video-Flock Together: Design and Evaluation of an Agency-Based Parrot-to-Parrot Video-Calling System for Interspecies Ethical Enrichment.,10.1145/3544548.3581166,exclude_fair-division,fair-division/econ-theory
Online Multi-Agent Decentralized Byzantine-robust Gradient Estimation,10.1145/3595244.3595258,exclude_MARL,MARL/RL-theory/control
Evaluating Community Design through Simulating Social Interactions with Large Language Model-Based Agents,10.1145/3758871.3758931,exclude_agent-based modeling,agent-based modeling/sim
Malcolm: Multi-agent Learning for Cooperative Load Management at Rack Scale,10.1145/3606376.3593550,exclude_MARL,MARL/RL-theory/control
How Government Agencies Evaluate Cybersecurity Capacity Building Outcomes: A Case of Malawi,10.1145/3680127.3680177,candidate_review,manual review
Global Convergence of Localized Policy Iteration in Networked Multi-Agent Reinforcement Learning,10.1145/3606376.3593545,exclude_MARL,MARL/RL-theory/control
Synthesis and Evaluation of Long-term History-aware Medical Dialogue,10.65109/efxq8322,exclude_fair-division,fair-division/econ-theory
From Compositional Petri Net Modeling to Macro and Micro Simulation by Means of Stochastic Simulation and Agent-Based Models,10.1145/3617681,exclude_agent-based modeling,agent-based modeling/sim
Algorithmic Collusion at Test Time: A Meta-game Design and Evaluation,10.65109/svwg7670,exclude_fair-division,fair-division/econ-theory
"Shift, scale and restart smaller models to estimate larger ones: Agent based simulators in epidemiology",10.1145/3595244.3595264,exclude_agent-based modeling,agent-based modeling/sim
Leveraging User Simulation to Develop and Evaluate Conversational Information Access Agents,10.1145/3616855.3635730,candidate_review,manual review
Can LLMs be Surprised? Evaluation and Analysis of Surprise Expression of LLMs,10.1145/3765766.3765873,exclude_fair-division,fair-division/econ-theory
"One Robot, Many Minds: Factors Shaping Visitors' Evaluation of an Autonomous Museum Robot Guide",10.1145/3765766.3765777,exclude_fair-division,fair-division/econ-theory
How Well Do Large Language Models Serve as End-to-End Secure Code Agents for Python?,10.1145/3756681.3756984,candidate_agentic,LLM/agentic benchmark or eval
On the Reliability of User Feedback for Evaluating the Quality of Conversational Agents,10.1145/3583780.3615286,exclude_conversational,conversational/health/chatbot agent
A Methodology for Evaluating Multimodal Referring Expression Generation for Embodied Virtual Agents,10.1145/3610661.3616548,exclude_gesture,gesture/embodied-HCI/SIA
How Do People Evaluate Their Interactions with AI: A Qualitative Study of Emotionally Motivated AI Use and User Evaluation,10.1145/3765766.3765852,exclude_fair-division,fair-division/econ-theory
An Experimental Environment for Narrative Cue Evaluation in Virtual Reality,10.1145/3717511.3749292,exclude_fair-division,fair-division/econ-theory
Evaluation-Time Policy Switching for Offline Reinforcement Learning,10.5555/3709347.3743786,exclude_fair-division,fair-division/econ-theory
"Evaluation of a Sign Language Avatar on Comprehensibility, User Experience & Acceptability",10.1145/3742886.3756719,exclude_fair-division,fair-division/econ-theory
Towards Sign Language Motion Generation from Blurred Videos: System Development and Evaluation,10.1145/3742886.3756722,exclude_fair-division,fair-division/econ-theory
Agents of Autonomy: A Systematic Study of Robotics on Modern Hardware,10.1145/3673660.3655043,exclude_robotics,robotics/BDI/classic-agent
First Experiments on Automated Execution of Gherkin Test Specifications with Collaborating LLM Agents,10.1145/3678719.3685692,candidate_agentic,LLM/agentic benchmark or eval
Context Matters: Evaluating MCP-Based Context-Aware AI — A Case Study of Email Communications in Nonprofit Organizations,10.1145/3786167.3788426,candidate_agentic,LLM/agentic benchmark or eval
benchmarking multi-agent reinforcement learning,10.5555/3722577.3722794,exclude_MARL,MARL/RL-theory/control
Diagnosing Faults in Deep Reinforcement Learning based Systems: Settings and Benchmarks,10.65109/nsti8981,exclude_MARL,MARL/RL-theory/control
Empathy-Based communication Framework for Chatbots: A Mental Health Chatbot Application and Evaluation,10.1145/3623809.3623865,exclude_fair-division,fair-division/econ-theory
Designing Evaluation Metrics for Quality of Human-Robot Interaction in Guiding Human Behavior,10.1145/3623809.3623835,exclude_fair-division,fair-division/econ-theory
Rethinking Out-of-Distribution Detection for Reinforcement Learning: Advancing Methods for Evaluation and Detection,10.5555/3635637.3663004,exclude_fair-division,fair-division/econ-theory
Forward-PECVaR Algorithm: Exact Evaluation for CVaR SSPs,10.5555/3545946.3598935,exclude_fair-division,fair-division/econ-theory
S&F: Sources and Facts Reliability Evaluation Method,10.5555/3545946.3599075,exclude_fair-division,fair-division/econ-theory
Evaluation of Robustness of Off-Road Autonomous Driving Segmentation against Adversarial Attacks: A Dataset-Centric Study,10.5555/3635637.3663119,exclude_fair-division,fair-division/econ-theory
Sample and Communication Efficient Fully Decentralized MARL Policy Evaluation via a New Approach: Local TD Update,10.5555/3635637.3662932,exclude_fair-division,fair-division/econ-theory
Vibe Code Bench: Evaluating AI Models on End-to-End Web Application Development,10.1145/3786335.3813180,candidate_review,manual review
Persuade Me if You Can: A Framework for Evaluating Persuasion Effectiveness and Susceptibility Among Large Language Models,10.1145/3786335.3813181,candidate_agentic,LLM/agentic benchmark or eval
Improvement and Evaluation of the Policy Legibility in Reinforcement Learning,10.5555/3545946.3599167,exclude_fair-division,fair-division/econ-theory
Learning in Teams: Peer Evaluation for Fair Assessment of Individual Contributions,10.5555/3545946.3599057,exclude_fair-division,fair-division/econ-theory
HOPE: Human-Centric Off-Policy Evaluation for E-Learning and Healthcare,10.5555/3545946.3598804,exclude_fair-division,fair-division/econ-theory
Evaluating Automatic Hand-Gesture Generation Using Multimodal Corpus Annotations,10.1145/3746268.3759430,exclude_gesture,gesture/embodied-HCI/SIA
Crowd Simulation Incorporating a Route Choice Model and Similarity Evaluation using Real Large-scale Data,10.5555/3545946.3599066,exclude_fair-division,fair-division/econ-theory
Evaluating nonverbal mimicry in embodied motivational agents,10.1145/3570945.3607322,exclude_gesture,gesture/embodied-HCI/SIA
Evaluating Intrinsic Geospatial Topological Reasoning in LLMs,10.1145/3764915.3770722,candidate_review,manual review
Benchmarking MARL on Long Horizon Sequential Multi-Objective Tasks,10.5555/3635637.3663133,exclude_MARL,MARL/RL-theory/control
Evaluating the Gender Label in Virtual Babies Using an Interactive Environment,10.1145/3717511.3749306,exclude_gesture,gesture/embodied-HCI/SIA
Evaluating Multimodal Behavioral Features for Public Speaking Assessment in Virtual Reality,10.1145/3717511.3749301,exclude_gesture,gesture/embodied-HCI/SIA
Evaluating Theory-of-Mind in Large Language Models Through Opponent Modeling,10.1145/3717511.3747081,candidate_agentic,LLM/agentic benchmark or eval
Synthetically Expressive: Evaluating gesture and voice for emotion and empathy in VR and 2D scenarios,10.1145/3717511.3747074,exclude_gesture,gesture/embodied-HCI/SIA
Simulating and Evaluating Generative Modeling and Collaborative Filtering in Complex Social Networks,10.5555/3709347.3743580,candidate_review,manual review
Evaluating Emotions while Watching a Movie using the Learning Type Fuzzy-Template-Matching method,10.1145/3623809.3623969,candidate_review,manual review
Externalizing Vulnerability and Verbalizing Thoughts to More Adequately Evaluate Trust in AI,10.1145/3623809.3623962,candidate_review,manual review
Evaluating District-based Election Surveys with Synthetic Dirichlet Likelihood,10.5555/3635637.3662999,exclude_agent-based modeling,agent-based modeling/sim
Evaluating a Model of Pathological Affect based on Pedagogical Situations for a Virtual Patient,10.1145/3570945.3607325,exclude_gesture,gesture/embodied-HCI/SIA
SemGest: A Multimodal Feature Space Alignment and Fusion Framework for Semantic-aware Co-speech Gesture Generation,10.1145/3746268.3759433,exclude_gesture,gesture/embodied-HCI/SIA
SARGes: Semantically Aligned Reliable Gesture Generation via Intent Chain,10.1145/3746268.3759436,exclude_gesture,gesture/embodied-HCI/SIA
From Embeddings to Language Models: A Comparative Analysis of Feature Extractors for Text-Only and Multimodal Gesture Generation,10.1145/3746268.3759431,exclude_gesture,gesture/embodied-HCI/SIA
What Insights Human Cognition Can Offer to Enhance Computational Models of Multimodal Language Generation?,10.1145/3746268.3759438,candidate_review,manual review
Adapting Verbal and Nonverbal Behaviors of an SIA,10.1145/3746268.3759437,exclude_gesture,gesture/embodied-HCI/SIA
DUPRE: Data Utility Prediction for Efficient Data Valuation,10.5555/3709347.3743790,exclude_fair-division,fair-division/econ-theory
Fair Allocation of Divisible Goods under Non-Linear Valuations,10.5555/3709347.3743529,exclude_fair-division,fair-division/econ-theory
Towards Envy-Freeness Relaxations for General Nonmonotone Valuations,10.5555/3709347.3743543,exclude_fair-division,fair-division/econ-theory
On the Hardness of Fair Allocation under Ternary Valuations,10.5555/3709347.3743593,exclude_fair-division,fair-division/econ-theory
Enhancing Offline Reinforcement Learning with Curriculum Learning-Based Trajectory Valuation,10.5555/3709347.3743511,exclude_fair-division,fair-division/econ-theory
Approximately Fair Allocation of Indivisible Items with Random Valuations,10.5555/3635637.3663080,exclude_fair-division,fair-division/econ-theory
Approximating APS Under Submodular and XOS Valuations with Binary Marginals,10.5555/3635637.3662961,exclude_fair-division,fair-division/econ-theory
Fairness Dynamics in Digital Economy Platforms with Biased Ratings,10.65109/cejt6762,candidate_review,manual review
Maximin Share Allocations for Assignment Valuations,10.5555/3545946.3599108,exclude_fair-division,fair-division/econ-theory
Yankee Swap: A Fast and Simple Fair Allocation Mechanism for Matroid Rank Valuations,10.5555/3545946.3598635,exclude_fair-division,fair-division/econ-theory
Cost Sharing under Private Valuation and Connection Control,10.5555/3545946.3598890,exclude_fair-division,fair-division/econ-theory
Characterizations of Sequential Valuation Rules,10.5555/3545946.3598828,exclude_fair-division,fair-division/econ-theory
