Tier,Source,Candidate title,Link,YOUR decision,Your notes
1,ACM,A Sim-to-Real Benchmark and Analysis of Open-Source Vision and Language Agents for PTZ Camera Tasks,https://doi.org/10.1145/3757279.3785641,Include,"IC1-3 ok: named PTZ benchmark (SCOPE); VLM/LLM agent does multi-step camera control (external effector), LM-as-judge on traces."
1,ACM,Agentic Performance at the Edge: Insights from Benchmarking,https://doi.org/10.1145/3812836.3814741,Exclude,"Exclude - MobiSys-workshop empirical study of edge-deployed agents; measures how model-size/latency constraints affect agentic-task quality (accuracy-latency Pareto, failure modes); a deployment/efficiency analysis, not a sequential-action task suite (EC4)."
1,ACM,Arena: Benchmarking AI Agent Frameworks Under Fixed-Model Conditions,https://doi.org/10.1145/3786335.3813233,Include,"Evaluation methodology for LLM-agent frameworks; fixed-model, MCP tools, multi-step scenarios, deterministic correctness scoring (IC1-3). Borderline framework-vs-agent."
1,ACM,Benchmarking Memory Architectures for Mobile Agents in Short-Term and Long-Term Applications,https://doi.org/10.1145/3812836.3814752,Include,"Include - mobile GUI-agent memory benchmark (MemGUI-Bench-class); 128 tasks across 26 apps; agents execute multi-step GUI actions (external effector) scored by pass@k + staged LLM-judge (IC1-3)."
1,ACM,Benchmarking the DeepResearch Agent in the Game Domain,https://doi.org/10.1145/3807246.3807324,Include,"Include - deep-research agent benchmark; multi-step web browsing/retrieval over dependent steps in a game-knowledge domain, outcome-scored (IC1-3). Low-confidence: full text not retrievable, decided on title + deep-research-agent paradigm."
1,ACM,Benchmarking the Overhead of Distributed Tracing Agents,https://doi.org/10.1145/3777884.3797004,Exclude,"EC6 — ""agent"" = software distributed-tracing agent, not an LLM; paper measures performance overhead, no LLM-agent eval."
1,ACM,ColorBench: Benchmarking Mobile Agents with Graph-Structured Framework for Complex Long-Horizon Tasks,https://doi.org/10.1145/3774904.3792215,Include,"Named benchmark; mobile GUI agent, complex long-horizon multi-step tasks, graph-structured outcome scoring (IC1-3)."
1,ACM,DraftNEPABench: A Benchmark for Drafting NEPA Document Sections with Coding Agents,https://doi.org/10.1145/3786335.3813132,Include,"Named benchmark; coding agent acts over filesystem (Codex CLI), multi-step, 102 tasks w/ quantitative rubric scoring (IC1-3). Scoring is draft-quality rubric — borderline but agent task suite."
1,ACM,FormFactory: An Interactive Benchmarking Suite for Multimodal Form-Filling Agents,https://doi.org/10.1145/3746027.3758285,Include,"Named interactive benchmark; multimodal form-filling GUI agent, multi-step web-form interactions (external effector), accuracy scoring (IC1-3)."
1,ACM,From Model Diagram to Code: A Benchmark Dataset and Multi-Agent Framework,https://doi.org/10.1145/3746027.3755425,Exclude,"EC4 — primary contribution is a proposed multi-agent system (MDCAgent) + diagram-to-code dataset; eval is code generation vs ground-truth code (text/state-match, no external dependent actions)."
1,ACM,Hijacking JARVIS: Benchmarking Mobile GUI Agents against Unprivileged Third Parties,https://doi.org/10.1145/3737902.3768354,Include,"Named benchmark; mobile GUI agent in dynamic multi-step task env (external effector), robustness/misleading-rate scoring over 3000+ scenarios (IC1-3)."
1,ACM,"MVISU-Bench: Benchmarking Mobile Agents for Real-World Tasks by Multi-App, Vague, Interactive, Single-App and Unethical Instructions",https://doi.org/10.1145/3746027.3755695,Include,"Named benchmark; mobile agent across 137 apps, multi-step real-world tasks, success-rate scoring (IC1-3). Aider module secondary."
1,ACM,OpenMCP: an open-source self-hosted benchmarking harness for MCP-enabled computer use agents,https://doi.org/10.1145/3805621.3807649,Exclude,"Infrastructure — self-hosted benchmarking harness for MCP computer-use agents (serving/repro control), not itself a task suite agents are ranked on (brief harness rule). Borderline."
1,ACM,OWLViz: An Open-World Benchmark for Visual Question Answering,https://doi.org/10.65109/epvo9609,Include,"Agentic benchmark; tasks require multi-step web exploration + specialized tool use (GAIA-style dependent steps), accuracy scoring (IC1-3). Borderline answer-accuracy."
1,ACM,Towards a Playground to Democratize Experimentation and Benchmarking of AI Agents for Network Troubleshooting,https://doi.org/10.1145/3748496.3748990,Include,"Benchmark platform; LLM agent troubleshoots network issues in emulator (external effector), multi-step diagnosis, outcome scoring (IC1-3). Workshop lightning paper."
1,ACM,Vibe Code Bench: Evaluating AI Models on End-to-End Web Application Development,https://doi.org/10.1145/3786335.3813180,Include,"Named benchmark; coding agent builds web apps end-to-end (filesystem+browser, up to 1000 turns), outcome-grounded browser-workflow scoring (IC1-3)."
1,ACM,ViBench: A Benchmark on Vibe Coding,https://doi.org/10.1145/3786335.3813162,Include,"Named benchmark; agent builds web apps from NL, adaptive evaluator drives app via REPL browser automation, outcome-grounded Pass@1 (IC1-3)."
1,IEEE,"AgentQE-Bench: A Reproducible Evaluation Framework for Agentic AI Reliability, Safety, and ROI in CI/CD Pipelines",,Include,"Include - AgentQE-Bench: open-source framework with a deterministic CI/CD pipeline simulator + 20 agent episodes; agent diagnoses failures and recommends remediations over the pipeline (external effector), composite reliability/safety/ROI scoring (IC1-3)."
1,IEEE,An Agentic Approach to Synthetic Data Generation: Building and Benchmarking a COPA Dataset for Indonesian Language and Dialects,,Exclude,"EC1/EC4 — agentic method only generates a static COPA causal-reasoning dataset (Indonesian); evaluated object is NLP reasoning, not an LLM-agent sequential task suite."
1,IEEE,Benchmarking AI Agents for IT Automation Tasks with ITBench,,Include,"Named benchmark; LLM agents automate real-world IT tasks (SRE/CISO/FinOps) in simulated systems (external effectors), multi-step, resolution-rate scoring (IC1-3)."
1,IEEE,Benchmarking Heuristic and Cooperative Agents in AbstractSwarm Logistics Scenarios,,Exclude,EC6 — multi-agent swarm logistics competition with Q-learning policies; not LLM-driven agents.
1,IEEE,Benchmarking Multi-Agent LLM and Single Agent LLM Efficiency for Contextual Text Generation,,Exclude,"EC1/EC4 — compares multi- vs single-agent LLM for contextual text generation; no external effectors/dependent state-changing actions, eval is generated-text quality."
1,IEEE,"Benchmarking Reference-Free LLM Agent Robustness Under Schema, Policy, and Toolset Drift",,Include,"Include - tool-using LLM-agent robustness benchmark under schema/policy/toolset drift; multi-step tool execution scored by reference-free end-state, not text-match (IC1-3)."
1,IEEE,CoSQA+: Enhancing Code Search Evaluation With a Multi-Choice Benchmark and Test-Driven Agents,,Exclude,"EC3/infrastructure — benchmark evaluates code-search (multi-choice matching); the test-driven ""agents"" are the annotation pipeline, not the evaluated LLM-agent task suite; task is single-hop."
1,IEEE,DSGBench: A Diverse Strategic Game Benchmark for Evaluating LLM-Based Agents in Complex Decision-Making Environments,,Include,"Named benchmark (brief example); LLM agents act in multi-step strategic game envs (StarCraft II, Diplomacy, Werewolf...), fine-grained outcome/process scoring (IC1-3)."
1,IEEE,Evaluating LLM-based Role-playing Agent Authenticity via Event-driven Response Simulation: A Benchmark on Real-World Events Responses,,Exclude,"EC1 — role-play agent generates in-character text responses to events; eval is response authenticity (text similarity to real responses), no external effector / dependent state-changing actions."
1,IEEE,FinMCP-Bench: Benchmarking LLM Agents for Real-World Financial Tool Use Under the Model Context Protocol,,Include,"Named benchmark (brief example); LLM agent chains real financial MCP tool calls, single/multi-tool/multi-turn, tool-invocation + outcome scoring (IC1-3)."
1,IEEE,FOCAL: A Novel Benchmarking Technique for Multi-modal Agents,,Include,"Evaluation methodology for tool-using multimodal (voice) agents via MCP, multi-turn, error-propagation analysis + Reasoning/Semantic metrics (IC1-3). Borderline: semantic score partly text-based."
1,IEEE,From Binary to Multi-Class: Benchmarking AutoGluon Against Classical Machine Learning for Diabetes Prediction and the Rise of Agentic Clinical AI,,Exclude,"EC1 — tabular ML classification benchmark (AutoGluon vs classical ML for diabetes); ""agentic clinical AI"" only as framing/outlook, no LLM-agent evaluation."
1,IEEE,"ICLAD 2025: Agents, Benchmarks, and the Next Wave of LLM-Aided Design [IEEE News]",https://ieeexplore.ieee.org/document/11359387/,Exclude,EC5 — IEEE News conference report/summary of ICLAD 2025; not a research artifact or benchmark.
1,IEEE,Machine Learning vs. Agentic AI: Benchmarking RNA-Seq Disease Prediction with Candidate Biomarker Identification,,Exclude,"EC4/EC1 — applied comparison of ML vs agentic pipeline for RNA-Seq disease prediction; domain study, not a reusable LLM-agent task suite."
1,IEEE,MAIA: A Multidimensional Benchmark for Assessing Medical AI Agents,,Exclude,"Exclude - multidimensional medical QA benchmark (retrieval-based questions via biomedical APIs, multi-hop KG reasoning, clinical-pathway reasoning); read-only retrieval + reasoning to answer questions, no state-altering multi-step execution (EC1/EC3). Borderline."
1,IEEE,MEWA: A Benchmark For Meta-Learning in Collaborative Working Agents,,Exclude,"EC6 — meta-reinforcement-learning benchmark for human-robot collaborative agents; policies are meta-RL, not LLM-driven."
1,IEEE,OmniCharacter++: Towards Comprehensive Benchmark for Realistic Role-Playing Agents,,Exclude,"EC1 — role-playing agent benchmark; evaluates speech/text response fidelity & expressive style, no external effector / dependent state-changing actions."
1,IEEE,PillagerBench: Benchmarking LLM-Based Agents in Competitive Minecraft Team Environments,,Include,"Named benchmark; LLM agents act in real-time competitive Minecraft team env (external effector via Mineflayer), multi-step, win/outcome scoring (IC1-3). TactiCrafter system secondary."
1,IEEE,SocialNormVR: Designing Symmetrical Reality Testbeds for AI Agent Social Norm Evaluation,,Exclude,"Exclude - VR (AI-Town) testbed scoring MLLM agents on a single social-norm decision per scenario (binary compliance over 10 trials); embodied perception + one-shot decision, not >=2 dependent state-altering actions (EC4)."
1,IEEE,UINavBench: A Framework for Comprehensive Evaluation of Interactive Digital Agents,https://ieeexplore.ieee.org/document/11444249/,Include,"Named benchmark; mobile UI agent, language-conditioned multi-step task execution (external effector), planning/grounding, success-rate scoring (IC1-3)."
1,Springer,Agentic AI Capability and Security Benchmark,https://doi.org/10.1007/978-3-032-02130-4_6,Exclude,"Exclude - book-chapter guide synthesizing GAIA/Stanford-AIR + OWASP/AIVSS frameworks and advocating a process-securing strategy; secondary roundup, not a procedure measuring sequential agentic actions (EC5)."
1,Springer,SecKQL-Agent: A Real-World APT29 Events Benchmark and&#xa0;Framework for&#xa0;Reliable Text-to-KQL in&#xa0;Security Analytics,https://doi.org/10.1007/978-981-92-0378-9_17,Exclude,Low-confidence (exact abstract unconfirmed): title indicates a text-to-KQL translation benchmark/framework; NL->query is largely single-step generation (EC3/EC1). Verify if agent executes & iterates on query results over dependent steps.
2,ACM,AgenticShop: Benchmarking Agentic Product Curation for Personalized Web Shopping,https://doi.org/10.1145/3774904.3792724,Include,"Named benchmark; agentic system curates products via open-web exploratory search (external effector), multi-step, checklist/evidence-grounded scoring (IC1-3)."
2,ACM,Benchmarking Agents in Insurance Underwriting Environments,https://doi.org/10.1145/3786335.3813156,Include,"Named benchmark (UNDERWRITE); multi-turn underwriting agent w/ tool use + simulated-user info gathering (external effectors, dependent steps), pass^k/outcome scoring (IC1-3). Domain not disqualifying."
2,ACM,Benchmarking Robustness and Generalization in Multi-Agent Systems: A Case Study on Neural MMO,https://doi.org/10.5555/3545946.3598978,Exclude,"EC6 — multi-agent RL benchmark (Neural MMO); teams trained with standard RL, policies not LLM-driven."
2,ACM,Beyond Task Completion: An Assessment Framework for Evaluating Agentic AI Systems,https://doi.org/10.1145/3786167.3788414,Include,"Evaluation framework/methodology for agentic AI (LLM/Memory/Tools/Environment pillars; static/dynamic/judge modes), quantitative behavioral metrics (IC1/IC3). Borderline: methodology, not a fixed task suite."
2,ACM,EvalAgent: Towards Evaluating News Recommender Systems with LLM-based Agents,https://doi.org/10.1145/3746252.3761127,Exclude,"Infrastructure/EC4 — LLM agents are the evaluation instrument (simulate users) to assess news recommender systems; agents are not the evaluated object, no agent task suite."
2,ACM,Evaluating User Preferences for Gender and Embodiment Scope in Human-Agent Interaction Systems,https://doi.org/10.1145/3786995.3787057,Exclude,EC4/out-of-scope — HCI user-preference study on agent gender/embodiment; not an LLM-agent task evaluation.
2,ACM,ImpReSS: Designing and Evaluating a Lightweight Implicit Recommender System in Conversational Support Agents,https://doi.org/10.1145/3742413.3789151,Exclude,"EC4 — proposes a conversational implicit recommender system (SLM-based); eval is recommendation accuracy (MRR)/user study, not an LLM-agent sequential task suite."
2,ACM,LLMEvalRec: An Agentic Framework for Simulating Users to Evaluate News Recommendation Systems,https://doi.org/10.65109/efzy6916,Exclude,"Infrastructure/EC4 — LLM agents simulate users to evaluate news recommendation systems; agents are the eval instrument, not the evaluated object."
2,ACM,Mosaic: A Multi-Level Framework for Observing and Evaluating Performance of Multi-Agent Systems,https://doi.org/10.1145/3772363.3798830,Exclude,"Infrastructure/EC5 — multi-level MAS observability/evaluation framework (process metrics across component/integration/e2e); methodology/harness, not a task suite agents are ranked on. CHI extended abstract."
2,ACM,"REALM-Bench: A Benchmark for Evaluating Multi-Agent Systems on Real-world, Dynamic Planning and Scheduling Tasks",https://doi.org/10.1145/3770854.3785692,Include,"Named benchmark; LLM/agentic systems plan, coordinate & replan in real-world dynamic scheduling envs (state-changing disruptions, dependent steps), quantitative metrics (IC1-3)."
2,IEEE,"A Heuristic-First Evaluation Framework for Marketing AI Agents: Judging Quality, Actionability, and Trust",,Exclude,Low-confidence (exact abstract unconfirmed): heuristic evaluation framework judging marketing-agent output quality/actionability/trust; judges output quality not environment-grounded dependent actions (EC4/infrastructure).
2,IEEE,A Hybrid Multi-Agent–ML Architecture for Trust-Oriented Seller Evaluation in B2C E-Commerce,https://ieeexplore.ieee.org/document/11502330/,Exclude,"EC4/EC6 — proposes a hybrid multi-agent+ML system for seller trust evaluation; agents are BDI/ML trust-reputation models, not LLM-driven; eval is the method, not an agent task suite."
2,IEEE,"Agentic AI for Automated Grading: System Design, Baseline Study, and Empirical Evaluation",,Exclude,"EC4 — proposes an agentic automated-grading system; eval is grading accuracy/agreement, application-centric; grading is not a dependent external-action task suite."
2,IEEE,"Agentic AI Framework for Low-Resource Essay Evaluation via Scoring, Explanation, and Debate",,Exclude,"EC4 — multi-agent debate framework for essay scoring; inter-agent debate is internal text (fails exteriority/dependent-step), eval is scoring agreement; application/method."
2,IEEE,"Agentic AI Security: Threats, Defenses, Evaluation, and Open Challenges",,Exclude,"Secondary security survey (threats/defenses/eval/challenges); central advance is a security threat taxonomy, not an agent-evaluation taxonomy/critique — IC3 not clearly met for this scope. Borderline."
2,IEEE,Agentic AI Systems: Architecture and Evaluation Using a Frictionless Parking Scenario,,Exclude,"EC4 — agentic-AI architecture paper illustrated via a frictionless-parking scenario; contribution is system architecture, eval is a demonstration/factorial study, not a reusable agent benchmark."
2,IEEE,AI Agent Testing and Analysis Platform: A System for Automated Evaluation of AI Systems,https://ieeexplore.ieee.org/document/11437478/,Exclude,"Infrastructure — proposes an automated testing/evaluation platform for AI agents (harness/tooling), not a task suite agents are ranked on."
2,IEEE,An Automated System for Generating Chargeback Notices Based on Multi-Agent Collaboration and Its Practical Evaluation,https://ieeexplore.ieee.org/document/11352645/,Exclude,"EC4 — applied multi-agent system for generating chargeback notices; practical evaluation of that system, not a reusable agent benchmark."
2,IEEE,ASIC-Agent: An Autonomous Multi-Agent System for ASIC Design with Benchmark Evaluation,,Include,"Contributes ASIC-Agent-Bench (first reusable HW-design agent benchmark); agent uses EDA tools in sandbox (external effectors), multi-step RTL->GDSII, milestone-based outcome scoring (IC1-3). System+benchmark; benchmark qualifies."
2,IEEE,Automated Resume Evaluation Using Large Language Models: A Multi-Agent Framework With Fine-Tuning and Prompt Engineering,https://ieeexplore.ieee.org/document/11534618/,Exclude,"EC4 — applied multi-agent resume-screening/evaluation system w/ fine-tuning; eval is classification/grading accuracy, not a dependent external-action agent task suite."
2,IEEE,Benchmarking Multi-Agent Collaboration Against Single LLM Systems in E-Commerce,,Exclude,"Exclude - empirical single-LLM vs multi-agent architecture comparison on an e-commerce retrieval/filtering/verification/generation pipeline; comparison study, not a reusable sequential-action benchmark (EC4)."
2,IEEE,Beyond Single-Framework Architectures: A Systematic Evaluation and Hybrid Design for Scalable Multi-Agent Coordination,https://ieeexplore.ieee.org/document/11481053/,Exclude,"EC4 — systematic evaluation of multi-agent coordination architectures + proposes a hybrid design; evaluated on existing benchmarks, contributes architecture not a new reusable agent benchmark/methodology."
2,IEEE,Beyond Text Matching: Multi-Agent System for Comprehensive Research Paper Evaluation,https://ieeexplore.ieee.org/document/11378097/,Exclude,"EC4/infrastructure — proposes a multi-agent system to evaluate research papers; agents are the evaluation instrument, eval of that system, not an agent task suite."
2,IEEE,ChemPaperBench: A Multi-Domain Benchmark for Literature-Grounded Chemical Reasoning of LLM-Based Multi-Agent Systems,,Include,"Include - LLM multi-agent literature-grounded chemical-reasoning benchmark; expert-validated tasks require multi-step literature extraction + domain calculations + prediction integration (>=2 dependent steps, IC1-3)."
2,IEEE,Construction of a Quality Evaluation Index System for Response Texts in Medical AI Agents,,Exclude,"EC1/EC4 — Delphi-built hierarchical quality index for medical AI-agent response texts; evaluates conversational text quality (ethics/UX), not sequential external-action agent execution."
2,IEEE,Contextual Trust Evaluation for Robust Coordination in Large Language Model Multi-Agent Systems,https://ieeexplore.ieee.org/document/11409558/,Exclude,"EC4 — proposes a contextual trust-evaluation mechanism for robust LLM-MAS coordination; method/mechanism contribution evaluated on itself, not a reusable agent benchmark."
2,IEEE,Design and Evaluation of an LLM-Based Agent for QoT Estimation and Performance Optimization in Optical Networks,https://ieeexplore.ieee.org/document/11157742/,Exclude,"EC4 — design+evaluation of an applied LLM agent for optical-network QoT estimation/optimization; system/application paper (""built an agent for domain X""), not a reusable benchmark."
2,IEEE,Designing Reputation Systems for Manufacturing Data Trading Markets: A Multi-Agent Evaluation With Q-Learning and IRL-Estimated Utilities,https://ieeexplore.ieee.org/document/11402482/,Exclude,"EC6 — multi-agent data-market simulation with Q-learning RL + IRL utilities; agents are RL, not LLM-driven; evaluates reputation mechanisms."
2,IEEE,Development and Evaluation of an Agentic RAG with Embedded LLM-as-a Judge for Heart Failure Management: A Pilot Study,,Exclude,"EC4 — applied agentic-RAG clinical decision tool (LLM-as-judge embedded) for heart-failure management, pilot study; system/application eval, not a reusable agent benchmark."
2,IEEE,Dynamic Pickup and Delivery Task Allocation in Multi-Agent Robotic Systems: Vacancy Chain Approaches Evaluation,,Exclude,"EC6 — multi-robot pickup/delivery task allocation (vacancy-chain) in ROS/Gazebo; robotics/MARL, not LLM-driven agents."
2,IEEE,Evaluation of Fault Isolability in Multi-Agent Systems,,Exclude,EC6 — control-theoretic fault detection/isolability in multi-agent dynamical networks; not LLM-driven agents.
2,IEEE,FitnessAgent: A Unified Agent Framework for Open-Set and Personalized Fitness Evaluation,https://ieeexplore.ieee.org/document/11128810/,Exclude,"EC4 — proposes an LLM-planner fitness-evaluation framework (robotic, operator composition); application/system evaluated on movement datasets, not a reusable LLM-agent task suite."
2,IEEE,"Future-Proofing Identity Security for Agentic AI Systems: Design, Implementation, and Evaluation of an Identity Fabric",,Exclude,"EC4 — design/implementation/evaluation of an identity-fabric security system for agentic AI; infrastructure/system contribution, not an LLM-agent task benchmark."
2,IEEE,Generative AI and Multi-Agent Systems Approach to Psychometric Evaluation for Human Resource Management and Talent Acquisition,https://ieeexplore.ieee.org/document/11015385/,Exclude,"EC4 — GenAI multi-agent psychometric assessment system for HR; agents simulate colleagues to assess human candidates (application), not an LLM-agent task benchmark."
2,IEEE,IEBench: Benchmarking Unlearning Identity-Event Entangled Concepts for MLLM-Based Systems in Agentic Edge Networks,,Exclude,"EC1 — benchmark for machine unlearning of identity/event concepts in MLLMs; static model-capability (forgetting) eval, not sequential external-action agent evaluation."
2,IEEE,InGen: An LLM-Agent Based Approach for Automatically Generating Evaluation Indicator System for Avionics,https://ieeexplore.ieee.org/document/11274390/,Exclude,"EC4 (exact abstract unconfirmed) — LLM-agent approach to auto-generate avionics evaluation-indicator systems; applied tool/method, not an LLM-agent task benchmark."
2,IEEE,Intelligent Agent-Based Dynamic Reliability Evaluation for Optical Networks: A Comprehensive Framework and Case Study,https://ieeexplore.ieee.org/document/10812963/,Exclude,"EC4/EC6 — agent-based reliability-evaluation framework for optical networks (agent hierarchy); domain reliability modeling, not LLM-driven agents."
2,IEEE,Intelligent Automation of Student Record Standardization: An Evaluation of Multi-AI Agent Efficacy in Educational Administration,,Exclude,"EC4 — applied multi-AI-agent system for student-record standardization; evaluates the systems efficacy, not a reusable agent benchmark."
2,IEEE,LLM-Based Dynamic Multi-Agent Systems for Evaluation of Financial Trading Mechanism,,Exclude,"EC4 — LLM multi-agent system simulates market participants to evaluate trading mechanisms; agents are the simulation instrument, eval object is the mechanism, not an agent task suite."
2,IEEE,MACS: A Cognitive Diversity Multi-Agent Consensus Framework for Bias Mitigation in Automated Evaluation Systems,,Exclude,"EC4/infrastructure — MACS multi-agent consensus framework for bias mitigation in automated (LLM-judge) evaluation; method/infrastructure, not a task suite agents are ranked on."
2,IEEE,Mission Reliability Evaluation of Dynamic Distributed Cooperative Systems Based on Multi-agent Modeling and Simulation,https://ieeexplore.ieee.org/document/10336149/,Exclude,EC6 — agent-based modeling/simulation for mission reliability of distributed cooperative systems (AnyLogic/AHP); not LLM-driven agents.
2,IEEE,Multi-Agent Cooperative Perception: A Structural Evaluation Framework for Autonomous Systems,,Exclude,EC6/out-of-scope — cooperative-perception (V2X sensor-fusion) evaluation framework for autonomous driving; not LLM-driven agents.
2,IEEE,"Multi-Agent Systems and Agentic AI in Business Process Automation: Taxonomy, Benchmarks, and an Open Research Agenda",,Exclude,"Exclude - secondary survey: taxonomy + benchmark review + open research agenda for agentic AI/MAS in business-process automation; organizes existing work, does not formalize a procedure measuring sequential state-altering agent actions (EC5). Full text not retrievable; rater-A leaned IC3."
2,IEEE,Retrieval Augmented Generation (RAG) for Fintech: Agentic Design and Evaluation,,Exclude,"EC4 — proposes an agentic-RAG system for fintech QA; system/application evaluated vs a RAG baseline on a small QA set, not a reusable agent benchmark."
2,IEEE,Stable and Expert-Aligned Evaluation of Wargaming Strategies via Optimized LLM Scoring Agents,https://ieeexplore.ieee.org/document/11336231/,Exclude,"EC4/infrastructure — proposes an optimized LLM scoring agent (LLM-as-judge) to evaluate wargaming strategies; an evaluator, not a task suite agents are ranked on."
2,Springer,1001 Games a&#xa0;Night—Continuous Evaluation of&#xa0;an&#xa0;Intelligent Multi-agent-Based System,https://doi.org/10.1007/978-981-99-3091-3_59,Exclude,"EC6 — RoboCup multi-agent continuous-evaluation/CI system (~1000 games/night, log outlier detection); robotics/RL team, not LLM-driven agents."
2,Springer,A Comprehensive Framework for&#xa0;Turn-Taking Evaluation in&#xa0;Multi-agent Systems: Rotational Periodicity for&#xa0;Scalable Coordination Analysis,https://doi.org/10.1007/978-3-032-03711-4_16,Exclude,"EC6/EC4 — turn-taking coordination metric framework (rotational periodicity) for game-theoretic/RL multi-agent systems; coordination analysis, not an LLM-agent task benchmark."
2,Springer,A multi-agent large language model framework for intelligent vendor evaluation and risk-aware procurement decisions,https://doi.org/10.1038/s41598-026-50952-x,Exclude,"EC4 — multi-agent LLM framework for vendor evaluation/risk-aware procurement; application/system producing recommendations, eval of that system, not a reusable agent benchmark."
2,Springer,Actions Speak Louder Than Words: Evidence-Based Trust Level Evaluation in&#xa0;Multi-agent Systems,https://doi.org/10.1007/978-981-95-3543-9_14,Exclude,"EC4/EC6 — generic trust-level evaluation methodology for multi-agent systems (smart-healthcare data trust); trust-assessment method, not an LLM-agent task benchmark."
2,Springer,Adaptive monitoring and real-world evaluation of agentic AI systems,https://doi.org/10.1007/s43681-026-00990-y,Include,Borderline IC3 — formalizes adaptive monitoring (AMDM) + systematic review with a 5-axis taxonomy of agentic-AI evaluation dimensions; materially advances eval taxonomy/critique. Runtime-monitoring leans infrastructure.
2,Springer,Design and Evaluation of an Agentic AI Framework for Personalized Umrah Trip Planning,https://doi.org/10.1007/s13369-025-11021-z,Exclude,"EC4 — applied agentic-AI travel-planning system for personalized Umrah trips; system/application, eval of that system, not a reusable agent benchmark."
2,Springer,Embedding ethical governance in personal AI systems: design and evaluation of a user-centred oversight agent,https://doi.org/10.1007/s43681-026-01193-1,Exclude,"EC4 — design/evaluation of a user-centred ethical-oversight (superego) agent for personal AI; governance mechanism/system, not an LLM-agent task benchmark."
2,Springer,Evaluation of&#xa0;a&#xa0;Customer Development Simulator Using Large Language Model-Based Multi-agent System and&#xa0;Synthetic Respondents,https://doi.org/10.1007/978-981-96-6938-7_22,Exclude,"EC4 — LLM multi-agent simulator with synthetic respondents for customer development; agents are the simulation instrument, eval of the simulator, not an agent task suite."
2,Springer,"LLM-Based Multi-agent Systems: Frameworks, Evaluation, Open Challenges, and Research Frontiers",https://doi.org/10.1007/978-3-032-15632-7_9,Exclude,"Exclude - broad survey of LLM-MAS (frameworks, evaluation, open challenges, research frontiers); roundup, not a procedure measuring sequential agentic actions (EC5)."
2,Springer,MAP: evaluation and multi-agent enhancement of large language models for inpatient pathways,https://doi.org/10.1038/s44401-026-00085-0,Include,"Contributes IPDS benchmark (MIMIC-IV, 51k cases); multi-agent clinical pathway (triage->diagnosis->treatment) multi-step decisions w/ retrieval, accuracy/protocol scoring (IC1-3). Borderline: staged decisions vs environment-state changes. Also proposes MAP system."
2,Springer,Multi-agent System for Intelligent Heating Control: Implementation and Evaluation Using Home Assistant and Neural Networks,https://doi.org/10.1007/978-3-032-20746-3_10,Exclude,"EC4 (brief example) — applied multi-agent heating-control system (Home Assistant + NNs); application/system, eval of that system, not a reusable agent benchmark."
2,Springer,Multi-agent System for Multi-modal Educational Content Generation and Evaluation: A Case Study,https://doi.org/10.1007/978-981-95-7144-4_34,Exclude,"EC4 — applied multi-agent system for multimodal educational content generation/evaluation (case study); application, not a reusable agent benchmark."
2,Springer,Safety rapid evaluation method and system of pump truck upper structure based on combination weighting and agent model,https://doi.org/10.1186/s44147-025-00713-w,Exclude,"EC6/out-of-scope — ""agent model"" = engineering surrogate/metamodel for pump-truck structural safety evaluation; not an LLM-driven agent."
3,ACM,A Framework for Evaluating AI Agents in Open-Ended Conversations via Scripted Simulation,https://doi.org/10.1145/3711896.3737390,Include,"Borderline — evaluation framework for goal-directed multi-turn conversational agents; interviewer agent questions a scripted interviewee (another agent), completeness/consistency vs hidden script facts (IC1-3). Exteriority is another LLM; conversation-quality leaning."
3,ACM,Agent-Driven Automatic Software Improvement,https://doi.org/10.1145/3661167.3661171,Exclude,"EC5/EC4 — doctoral research proposal on LLM agents for software maintenance; vision/proposal, no benchmark or evaluation methodology contributed."
3,ACM,An LLM-based Agentic Framework for Accessible NetworkControl,https://doi.org/10.1145/3764944.3764949,Exclude,"EC4 — applied agentic framework for natural-language network control (system + pilot study); application, not a reusable agent benchmark."
3,ACM,Can AI Deliberate? Evaluating Deliberative Quality and Stance Flow in Multi-Agent LLMs,https://doi.org/10.1145/3772363.3798877,Exclude,"EC1 — evaluates deliberative/discourse quality + belief revision in multi-agent LLM dialogue (DQI/stance-flow); internal discussion (intermediate text), no external effector/dependent actions. CHI extended abstract."
3,ACM,Context Matters: Evaluating MCP-Based Context-Aware AI — A Case Study of Email Communications in Nonprofit Organizations,https://doi.org/10.1145/3786167.3788426,Exclude,"EC4 — case study evaluating an MCP-based context-aware email AI for nonprofits; application/case study, not a reusable agent benchmark."
3,ACM,Does Safety Molt? Evaluating LLM Safety in Multi-Agent Social Environments,https://doi.org/10.1145/3786335.3813173,Include,"Borderline low-confidence — evaluation methodology for LLM-agent safety in a multi-agent social simulation (agents post/observe in a platform env over time), quantitative privacy-leakage metrics (IC1/IC3). Safety-focused, not a task-success suite."
3,ACM,Evaluating and Improving Graph-based Explanation Methods for Multi-Agent Coordination,https://doi.org/10.5555/3709347.3743941,Exclude,EC6 — GNN/attention explainability for multi-agent (RL/GAT) coordination policies; not LLM-driven agents.
3,ACM,Evaluating Emotions while Watching a Movie using the Learning Type Fuzzy-Template-Matching method,https://doi.org/10.1145/3623809.3623969,Exclude,"Out-of-scope — emotion recognition via fuzzy-template-matching while watching a movie; not an LLM agent, no agent evaluation."
3,ACM,Evaluating Intrinsic Geospatial Topological Reasoning in LLMs,https://doi.org/10.1145/3764915.3770722,Exclude,EC1 — static evaluation of LLM geospatial topological reasoning via natural-language QA (zero-shot/CoT); no sequential external-action agent.
3,ACM,Evaluating Large Language Models through Communication Games: An Agent-Based Framework Using Werewolf in Unity,https://doi.org/10.1145/3723498.3723702,Include,"Agent-based evaluation framework; LLM agents play multi-step Werewolf in a game env (Unity), gather info & plan actions, performance scoring (IC1-3). Communication-game; borderline but state/outcome-grounded."
3,ACM,Evaluating Social Acceptance of eXtended Reality (XR) Agent Technology: A User Study,https://doi.org/10.1145/3750069.3750317,Exclude,EC4/out-of-scope — HCI user study on social acceptance of XR agent technology; not an LLM-agent task evaluation.
3,ACM,Evaluating the Robustness of Multimodal Agents Against Active Environmental Injection Attacks,https://doi.org/10.1145/3746027.3755646,Include,"Robustness evaluation of multimodal mobile agents (AEIA) on AndroidWorld; agents take multi-step OS actions (external effector), attack-success/outcome scoring (IC1-3). Security-focused; borderline vs attack-method (EC4)."
3,ACM,Evaluating Theory-of-Mind in Large Language Models Through Opponent Modeling,https://doi.org/10.1145/3717511.3747081,Exclude,"EC1/EC3 — evaluates LLM Theory-of-Mind via opponent-preference prediction (structured prediction from offer history); capability eval, not a multi-step external-action agent task."
3,ACM,Externalizing Vulnerability and Verbalizing Thoughts to More Adequately Evaluate Trust in AI,https://doi.org/10.1145/3623809.3623962,Exclude,Out-of-scope/EC4 — HCI methodology for measuring human trust in AI (experimental protocol via vulnerability/verbalization); not an LLM-agent task evaluation.
3,ACM,Fairness Dynamics in Digital Economy Platforms with Biased Ratings,https://doi.org/10.65109/cejt6762,Exclude,"EC6/out-of-scope — multi-agent market/recommender fairness-dynamics study with biased ratings; game-theoretic agents, mechanism-design, not LLM-driven agent benchmark."
3,ACM,First Experiments on Automated Execution of Gherkin Test Specifications with Collaborating LLM Agents,https://doi.org/10.1145/3678719.3685692,Exclude,"EC4 — feasibility experiments applying collaborating LLM agents (AutoGen) to execute Gherkin tests; application/tool study (qualitative), not a reusable agent benchmark."
3,ACM,From Interaction to Impact: Towards Safer AI Agent Through Understanding and Evaluating Mobile UI Operation Impacts,https://doi.org/10.1145/3708359.3712153,Exclude,"EC1/EC4 — develops a taxonomy of mobile UI-action impacts and evaluates LLMs classifying impact; impact-classification + taxonomy, not a multi-step agent task suite. Borderline (safety taxonomy)."
3,ACM,Generating and Evaluating Data of Daily Activities with an Autonomous Agent in a Virtual Smart Home,https://doi.org/10.1145/3665331,Exclude,"EC4/out-of-scope — autonomous agent simulates an occupant to generate synthetic smart-home activity data; data-generation methodology + credibility eval, not an LLM-agent task benchmark."
3,ACM,How Government Agencies Evaluate Cybersecurity Capacity Building Outcomes: A Case of Malawi,https://doi.org/10.1145/3680127.3680177,Exclude,"Out-of-scope — ""agencies"" are government organizations; cybersecurity capacity-building outcomes case study (Malawi), no LLM agent."
3,ACM,How Well Do Large Language Models Serve as End-to-End Secure Code Agents for Python?,https://doi.org/10.1145/3756681.3756984,Exclude,"EC1/EC4 — evaluates LLMs generating/repairing secure Python code (+ iterative repair tool); code-generation/repair capability eval, not a multi-step externally-grounded agent task suite."
3,ACM,IDAT: A Multi-Modal Dataset and Toolkit for Building and Evaluating Interactive Task-Solving Agents,https://doi.org/10.1145/3726302.3730300,Include,"Dataset + benchmark/toolkit (IGLU) for interactive task-solving agents in a Minecraft-like grounded env; multi-turn grounded instruction execution (external effector), interactive evaluation (IC1-3). Borderline: includes toolkit/infra + HITL eval."
3,ACM,Leveraging User Simulation to Develop and Evaluate Conversational Information Access Agents,https://doi.org/10.1145/3616855.3635730,Exclude,Infrastructure/EC4 — user-simulation methodology to develop/evaluate conversational information-access agents; simulator is the eval instrument and CIA is single-hop dialogue/retrieval (fails dependent-step).
3,ACM,MALLM: Multi-Agent Decision-Making with LLMs for Multi-User Edge-Sensor Environments,https://doi.org/10.1145/3764944.3764947,Exclude,"EC4 — applied multi-agent LLM decision system for multi-user edge-sensor environments (health/comfort case studies, 30-day deployment); application/system, not a reusable agent benchmark."
3,ACM,Persuade Me if You Can: A Framework for Evaluating Persuasion Effectiveness and Susceptibility Among Large Language Models,https://doi.org/10.1145/3786335.3813181,Exclude,"EC1 — evaluates LLM persuasion effectiveness/susceptibility via multi-turn Persuader-Persuadee dialogue; conversational capability (stance shift), no external effector/dependent state-changing actions."
3,ACM,QD-MAPPER: A Quality Diversity Framework to Automatically Evaluate Multi-Agent Path Finding Algorithms in Diverse Maps,https://doi.org/10.65109/uzvn6052,Exclude,"EC6 — Quality-Diversity framework to evaluate multi-agent path-finding (MAPF) algorithms via generated maps; classical/RL MAPF, not LLM-driven agents."
3,ACM,Relying on the Metrics of Evaluated Agents,https://doi.org/10.1145/3696410.3714864,Exclude,Out-of-scope — economic agency-game analysis of when self-interested agents reveal metric observability to an evaluator (rideshare data); not LLM-driven agents.
3,ACM,Simulating and Evaluating Generative Modeling and Collaborative Filtering in Complex Social Networks,https://doi.org/10.5555/3709347.3743580,Exclude,"EC4 — multi-agent social-network simulation (LLM + generative embeddings + collaborative filtering) modeling social dynamics; simulation method, eval of simulation fidelity, not an agent task benchmark."
3,ACM,What Insights Human Cognition Can Offer to Enhance Computational Models of Multimodal Language Generation?,https://doi.org/10.1145/3746268.3759438,Exclude,EC5/out-of-scope — keynote/position on human cognition for multimodal language generation; not a benchmark or agent-evaluation artifact.
3,IEEE,A Comparative Evaluation of Local Inference for Embodied Agents in Minecraft,https://ieeexplore.ieee.org/document/11522540/,Exclude,"EC4 — comparative study of local vs cloud inference for embodied Minecraft agents; systems/efficiency comparison on existing tasks, not a reusable agent benchmark."
3,IEEE,A Critical Evaluation of Agentic AI in Cybersecurity: The Pros and the Cons,,Exclude,"Out-of-scope/EC5 — critical review (pros/cons) of agentic AI in cybersecurity; opinion/survey, not an agent-evaluation benchmark or material eval-taxonomy advance."
3,IEEE,"A Multi-Agent AI Framework for Agile Workflow Automation, Issue Resolution, and Developer Performance Evaluation",,Exclude,"EC4 — applied multi-agent framework for agile workflow automation/issue resolution/developer-performance metrics; application/system, not a reusable agent benchmark."
3,IEEE,A Multi-Agent Workflow for 3D Visualization Code Generation and Evaluation Based on Spatial-MLLM,https://ieeexplore.ieee.org/document/11333708/,Exclude,"EC4 — multi-agent workflow (designer/coder + Blender feedback) for 3D-visualization code generation; application/system, eval of generated output, not a reusable agent benchmark."
3,IEEE,"A Unified Evaluation Framework for Grounded LLM Architectures: Comparative Analysis of RAG, Self-RAG, and Agentic RAG",,Exclude,"Infrastructure/EC4 — unified faithfulness/hallucination evaluation framework comparing RAG/Self-RAG/Agentic RAG; evaluates retrieval-grounding quality (largely single-hop QA), not a multi-step external-action agent task suite."
3,IEEE,Achieving Fairness in DareFightingICE Agents Evaluation Through a Delay Mechanism,,Exclude,"EC6 — fairness (gRPC latency) delay mechanism for DareFightingICE fighting-game agents; game-agent infrastructure across languages, not LLM-driven agents."
3,IEEE,Agent Evaluation via Social Network Analysis in Educational E-CARGO Framework,https://ieeexplore.ieee.org/document/11139203/,Exclude,"Out-of-scope/EC6 — SNA-based evaluation of agents in educational Role-Based Collaboration (E-CARGO); role-collaboration agents, not LLM-driven."
3,IEEE,Agentic AI Meets RAG: A Framework for Domain-Specific Knowledge Evaluation,,Exclude,"Infrastructure/EC4 — agentic framework that generates QA data + LLM-as-judge metrics to evaluate domain-specific RAG systems; agents are the eval pipeline, object is RAG QA, not an agent task suite."
3,IEEE,AIvaluate: A Multi-Agent Framework for Automated Answer Script Evaluation Using Large Language Models and Semantic Vector Indexing,https://ieeexplore.ieee.org/document/11155081/,Exclude,"EC4 — multi-agent automated answer-script grading system (OCR + LLM scoring + FAISS); application, eval is grading correlation, not a reusable agent benchmark."
3,IEEE,ALIVE: An Agentic Longitudinal IDE-IPA Value Evaluation Framework for Innovation-Driven Enterprise Assessment,,Exclude,"EC4 (exact abstract unconfirmed) — agentic longitudinal value-evaluation framework for innovation-driven enterprise assessment; business-assessment application, not an LLM-agent task benchmark."
3,IEEE,An Agent-based Evaluation Framework for Complex Code Generation,https://ieeexplore.ieee.org/document/11334422/,Exclude,"Infrastructure — CodeVisionary is an agent-based evaluator (multi-judge + tools) that scores complex code generation; LLM-as-judge framework, not a task suite agents are ranked on."
3,IEEE,An Iterative Multi-Agent Analysis for Automated Evaluation in NLG Tasks,https://ieeexplore.ieee.org/document/11417045/,Exclude,"Infrastructure — iterative multi-agent LLM-as-judge framework for automated NLG text evaluation (ChatEval/MATEval-class); an evaluator, not a task suite agents are ranked on."
3,IEEE,Analyzing RL Agent Competency in Air Combat: A Tool for Comprehensive Performance Evaluation,https://ieeexplore.ieee.org/document/10311176/,Exclude,"EC6 — competency-analysis tool for deep-RL agents in air combat (interestingness dimensions, SC2 engine); RL policies, not LLM-driven agents."
3,IEEE,AutoGen-TraceKit: A Lightweight Framework for Process-Aware Evaluation of LLM Agents,,Exclude,"Infrastructure (exact abstract unconfirmed) — lightweight process-aware evaluation framework/toolkit for LLM agents (trajectory tracing); an evaluation harness, not a task suite agents are ranked on. Borderline."
3,IEEE,BioLabAgents: A Multi-Agent Framework for Scientific Idea Generation and Evaluation on Biomedical Research Trajectories,https://ieeexplore.ieee.org/document/11356120/,Exclude,"EC4 (exact abstract unconfirmed) — multi-agent framework for biomedical scientific idea generation & evaluation; application/system, not a reusable LLM-agent task benchmark."
3,IEEE,"Bridging Gaps in Agentic AI: Verification, Coordination, and Evaluation",,Exclude,"EC5 (low-confidence, exact abstract unconfirmed) — overview/position on verification/coordination/evaluation gaps in agentic AI; not a benchmark or material eval-taxonomy advance."
3,IEEE,Cognitive Agent Evaluation for Synthetic Pilot Training,https://ieeexplore.ieee.org/document/11257300/,Exclude,EC6/out-of-scope — evaluation of cognitive synthetic-pilot agents (ACT-R/ML) for training; not LLM-driven agents.
3,IEEE,Comparative Evaluation of Fragmentation and Encoding Strategies in a Web Agent Integrating RAG and Local LLM,https://ieeexplore.ieee.org/document/11340287/,Exclude,"EC4 — comparative study of fragmentation/encoding (RAG) strategies in a web agent w/ local LLM; configuration/systems comparison, not a reusable agent benchmark."
3,IEEE,Contextualizing AI Agent Evaluation: Proposed Framework for Japanese Businesses,https://ieeexplore.ieee.org/document/11341698/,Exclude,"Low-confidence — proposed contextual/governance evaluation framework for AI agents in Japanese businesses; conceptual framework, not a benchmark with measurable agent-task scoring. Verify if it prescribes quantitative agent metrics (then IC1)."
3,IEEE,Enhanced Alpha-Beta Pruning and Evaluation Function Optimization for Pac-Man AI Agents,https://ieeexplore.ieee.org/document/11547420/,Exclude,EC6 — classical game-tree search (alpha-beta + eval-function optimization) for Pac-Man agents; not LLM-driven agents.
3,IEEE,Enhancing Handwritten Answer Sheet Evaluation Through Large Language Models and Multi-Agent Reasoning,https://ieeexplore.ieee.org/document/11379082/,Exclude,"EC4 — applied LLM + multi-agent grading of handwritten answer sheets; application, eval is grading accuracy, not a reusable agent benchmark."
3,IEEE,Evaluation Method of Ship Equipment Applicability Based on Agent Attention Transformer,https://ieeexplore.ieee.org/document/10920484/,Exclude,"Out-of-scope — ""Agent Attention"" is a transformer attention mechanism for ship-equipment applicability evaluation; not an LLM agent."
3,IEEE,Evaluation of Graph- and Sampling-Based Path Planners for Multi-Agent Deployment in Known Urban Environments,https://ieeexplore.ieee.org/document/11494642/,Exclude,"EC6 — evaluation of graph/sampling-based path planners (RRT*/PRM) for multi-agent robot/UAV deployment; robotics/planning, not LLM-driven agents."
3,IEEE,Evaluation of LLM Powered Agentic AI for Solving Multi-Arm Bandit Problems,,Include,"Evaluates LLM agents on multi-armed bandit environments; sequential arm choices with reward feedback (dependent steps, environment-grounded), regret/optimality scoring; framed as an early benchmark (IC1-3). Borderline: simple env / single action-type (EC3 risk)."
3,IEEE,Evaluation of Multi-Armed Bandit Decision Making in Multi-Agent Cyber Physical Games,,Exclude,"EC6 — evaluates statistical multi-armed-bandit methods for decision-making in multi-agent cyber-physical games; algorithmic MAB, not LLM-driven agents."
3,IEEE,FARE: Financial Agentic Reasoning and Evaluation for Earnings Call Transcripts,,Exclude,"Exclude - multi-agent RAG framework (six LangGraph agents) for QA over earnings-call transcripts; applied analysis/QA system whose agents are pipeline modules, not an agent taking sequential state-altering actions (EC4)."
3,IEEE,IAEAgent: LLM-Based Educational Agent for Instructional Alignment Evaluation in University Courses,https://ieeexplore.ieee.org/document/11533481/,Exclude,"EC4 (exact abstract unconfirmed) — LLM educational agent that evaluates instructional alignment in university courses; the agent is an evaluation/application tool, not a benchmarked agent task suite."
3,IEEE,Implementation of Wireless Network Quality Evaluation Method for Agent Twins Based on Active Passive Dual Periodic Collaborative Measurement,https://ieeexplore.ieee.org/document/11064354/,Exclude,"Out-of-scope — wireless network quality measurement method for agent/digital twins (active/passive measurement); networking, not an LLM-agent task evaluation."
3,IEEE,Integrating Fuzzy Evaluation Agents and LLM-Based Robots for Multilingual Interactive Applications,https://ieeexplore.ieee.org/document/11287789/,Exclude,"EC4 — applied system integrating fuzzy-evaluation agents with LLM-based robots for multilingual interactive applications; application/system, not a reusable agent benchmark."
3,IEEE,"Intelligent Agents for Requirements Engineering: Use, Feasibility and Evaluation",https://ieeexplore.ieee.org/document/11190353/,Exclude,"Exclude - preliminary RE reference-model + 99-metric evaluation catalog synthesized from 15 secondary studies (RE 2025); conceptual framework/vision, not a procedure measuring sequential agent actions (EC4/EC5)."
3,IEEE,Lightweight Dual-Agent Architecture for 2-D Shadow Puppetry: Real-Time Edge Deployment and Evaluation,https://ieeexplore.ieee.org/document/11435987/,Exclude,"EC4 — applied lightweight dual-agent (LLM) system for 2D shadow-puppetry interaction on edge; application/system w/ intent-accuracy eval, not a reusable agent benchmark."
3,IEEE,LLM-based Intelligent Evaluation Agent with Knowledge Graph Construction for Human-Machine Interactive Learning*,https://ieeexplore.ieee.org/document/11343717/,Exclude,"EC4 — applied LLM evaluation agent w/ knowledge-graph construction for human-machine interactive learning; application/evaluation tool, not a benchmarked agent task suite."
3,IEEE,MAEDA: An LLM-Powered Multi-Agent Evaluation Framework for EDA Tool Documentation QA,https://ieeexplore.ieee.org/document/11539506/,Exclude,"Infrastructure/EC4 — LLM-powered multi-agent evaluation framework for EDA-tool documentation QA; agents are the evaluators, object is doc-QA, not a task suite agents are ranked on."
3,IEEE,MELF: Multi-Agent Evaluation for LLMs Fairness Based on Hierarchical Genetic Algorithm,https://ieeexplore.ieee.org/document/11388881/,Exclude,"Infrastructure/EC4 — multi-agent + hierarchical-GA framework to evaluate LLM fairness; an evaluation method for LLM fairness, not a task suite agents are ranked on."
3,IEEE,Multi-Agent Based Casual Triple Extraction For Factuality Evaluation Using Large Language Models,https://ieeexplore.ieee.org/document/10917708/,Exclude,"Infrastructure/EC4 — multi-agent pipeline (parse/search/generate/extract/judge) for factuality evaluation via causal triples; an evaluation method, not a task suite agents are ranked on."
3,IEEE,Multi-Agent Collaborative Closed-Loop Planning - Evaluation - Assessment Framework: Optimization and Interpretability Evaluation,,Exclude,"EC4 — multi-agent closed-loop planning/evaluation/assessment framework (MCDA, interpretability); methodology/system, not a reusable agent task benchmark."
3,IEEE,Multi-Agent Evaluation for Energy Management by Practically Scaling Q-Rank,https://ieeexplore.ieee.org/document/11292972/,Exclude,"EC6 — alpha-rank-based multi-agent strategy evaluation (TcEval) for energy management; game-theoretic/MARL, not LLM-driven agents."
3,IEEE,Multi-Agent-Based Network Traffic Dataset Quality Evaluation Framework,,Exclude,"Out-of-scope/EC4 — multi-agent-based framework for evaluating network-traffic dataset quality; data-quality assessment, not an LLM-agent task benchmark."
3,IEEE,NetIQ: A Tri-Modular Dynamic Evaluation Framework for Intelligent Agent Networks,,Exclude,"Infrastructure (exact abstract unconfirmed) — tri-modular dynamic evaluation framework/harness for intelligent agent networks (task/agent/eval modules); an evaluation harness, not a task suite agents are ranked on."
3,IEEE,Persona-Driven Feedback Agents for High-Stakes Documents: A Multi-Perspective Evaluation of Global Talent Visa Submissions,https://ieeexplore.ieee.org/document/11498196/,Exclude,"EC4 — persona-driven feedback agents that critique high-stakes visa documents; application/evaluation tool, not a reusable agent task benchmark."
3,IEEE,Research on Performance Evaluation Technology of Metering Devices Based on the Smart Agent for Business Expansion and Metering,https://ieeexplore.ieee.org/document/11331985/,Exclude,"Out-of-scope — performance-evaluation technology for smart metering devices (""smart agent"" = metering software agent); not an LLM-driven agent."
3,IEEE,Role Assignment for Agent Evaluation Under Uncertainty: A Distributionally Robust Approach,https://ieeexplore.ieee.org/document/11192230/,Exclude,"Out-of-scope/EC6 — distributionally-robust role-assignment for agent evaluation (E-CARGO/role-based collaboration); optimization over role-based agents, not LLM-driven agents."
3,IEEE,SafeDoc Agent for Facility Safety Report Evaluation,,Exclude,"EC4 (exact abstract limited) — SafeDoc agent for evaluating facility safety reports; application/evaluation tool, not a reusable agent task benchmark."
3,IEEE,Self-Evaluation can Help Agents Meet Social Expectations,https://ieeexplore.ieee.org/document/11217458/,Exclude,"EC4 — proposes a reflective self-evaluation architecture for LLM agents to meet social norms; method/architecture evaluated on a small norm scenario, not a reusable agent benchmark."
3,IEEE,Skill Training for Space Teleoperation: DRL-Based Intelligent Agent for Training Strategy Adjustment With Innovative Evaluation,https://ieeexplore.ieee.org/document/11224535/,Exclude,"EC6 — DRL-based intelligent agent for space-teleoperation training-strategy adjustment (Frechet-distance eval); reinforcement learning, not LLM-driven agents."
3,IEEE,Task-Specific Trust Evaluation for Multi-Hop Collaborator Selection via GNN-Aided Distributed Agentic AI,,Exclude,"EC4 — GNN-aided trust-evaluation method for multi-hop collaborator selection in distributed agentic AI; method/mechanism, not a reusable agent task benchmark."
3,IEEE,Teaching Precommitted Agents: Model-Free Policy Evaluation and Control in Quasi-Hyperbolic Discounted MDPs,https://ieeexplore.ieee.org/document/11312113/,Exclude,"EC6 — RL-theory paper on model-free policy evaluation/control for precommitted agents in quasi-hyperbolic-discounted MDPs; reinforcement learning, not LLM-driven agents."
3,IEEE,Workstation Evaluation of Work from Home Call Center Agents Using ROSA,https://ieeexplore.ieee.org/document/10589117/,Exclude,"Out-of-scope — ergonomic (ROSA) workstation evaluation of human work-from-home call-center agents; human workers, not an AI/LLM agent."
3,Springer,"[<sup>177</sup>Lu]Lu-EDTMP —a bone pain palliating agent: pharmacokinetics, biodistribution, safety profile and clinical evaluation in osseous metastatic patients",https://doi.org/10.1007/s00259-025-07218-x,Exclude,"Out-of-scope/EC6 — ""agent"" = radiopharmaceutical drug (Lu-177-EDTMP) for bone-pain palliation; pharmacology, not an LLM agent."
3,Springer,A Task Complexity Evaluation Framework for&#xa0;Mobile AI Agent Applications,https://doi.org/10.1007/978-3-031-94171-9_43,Exclude,"EC4 — framework quantifying task complexity for mobile AI agent applications (complexity metrics + user satisfaction); a task-characterization methodology, not a benchmark ranking agents on tasks. Borderline."
3,Springer,CommonHealth: Multi-agent Evaluation of&#xa0;Blockchain-Based Patient-Centred Health Networks,https://doi.org/10.1007/978-3-031-93930-3_24,Exclude,"EC4/out-of-scope — multi-agent-based evaluation/simulation of blockchain patient-centred health networks (incentive robustness); agents test the network, not an LLM-agent task benchmark."
3,Springer,"Development and evaluation of a colorimetric LAMP-based biosensor for rapid detection of a nosocomial infection agent, <i>Citrobacter freundii</i>",https://doi.org/10.1038/s41598-023-49329-1,Exclude,"Out-of-scope/EC6 — ""agent"" = bacterial pathogen (Citrobacter freundii); LAMP biosensor detection study, not an LLM agent."
3,Springer,MATEval: A Multi-agent Discussion Framework for&#xa0;Advancing Open-Ended Text Evaluation,https://doi.org/10.1007/978-981-97-5575-2_31,Exclude,"Infrastructure (brief example) — MATEval is an LLM-as-judge multi-agent discussion framework for open-ended text evaluation; an evaluator, not a task suite agents are ranked on."
3,Springer,"Molecular characterization and evaluation of novel management options for <i>Burkholderia glumae</i> BG1, the causative agent of panicle blight of rice (<i>Oryza sativa</i> L.)",https://doi.org/10.1007/s11033-024-09498-2,Exclude,"Out-of-scope/EC6 — ""agent"" = bacterial plant pathogen (Burkholderia glumae); rice panicle-blight management study, not an LLM agent."
3,Springer,Potential Play Evaluation with Learning-Based Agent Modeling,https://doi.org/10.1007/978-981-96-1445-5_4,Exclude,EC6 — learning-based agent modeling (RL/MDP/game-theory) for sports play evaluation; not LLM-driven agents.
3,Springer,Preparation and Evaluation of Hydrophobically Associating Polyacrylamide Liquid Suspension Agent for Oil Well Cement,https://doi.org/10.1007/978-981-96-4922-8_68,Exclude,"Out-of-scope/EC6 — ""agent"" = chemical suspension agent (polyacrylamide polymer) for oil-well cement; materials chemistry, not an LLM agent."
3,Springer,Quality Tuning and Evaluation with Agent Bricks,https://doi.org/10.1007/979-8-8688-2524-8_7,Exclude,"Infrastructure/EC5 — Databricks Agent Bricks platform for building/tuning/evaluating enterprise agents (auto-generated evals/LLM judges); platform/product tooling, not a task suite agents are ranked on."
3,Springer,T2F: a domain-agnostic multi-agent framework for unstructured text to factuality evaluation items generation,https://doi.org/10.1007/s44163-025-00294-w,Exclude,"Infrastructure/EC4 — T2F multi-agent framework that generates factuality-evaluation items from unstructured text; a data-generation pipeline for LLM factuality eval, not an agent task suite."
3,Springer,Using Generated Rubrics to&#xa0;Provide a&#xa0;Window Into Item Evaluation with&#xa0;Multi-agent LLMs,https://doi.org/10.1007/978-3-031-98420-4_15,Exclude,"Infrastructure/EC4 — multi-agent LLMs generating/applying rubrics to evaluate assessment (CPS) items; an LLM-as-judge evaluation method, not a task suite agents are ranked on."
3,Springer,Value-based large language model agent simulation for mutual evaluation of trust and interpersonal closeness,https://doi.org/10.1038/s41598-025-25531-1,Exclude,"EC4/out-of-scope — value-conditioned LLM-agent social simulation studying mutual trust/closeness vs value similarity; social-science simulation, not an LLM-agent task benchmark."
