Item Title,Publication Title,Book Series Title,Journal Volume,Journal Issue,Item DOI,Authors,Publication Year,URL,Content Type
Agentic AI Capability and Security Benchmark,Securing AI Agents,,,,10.1007/978-3-032-02130-4_6,Ken HuangChris Hughes,2025,https://link.springer.com/chapter/10.1007/978-3-032-02130-4_6,Chapter
Population-dependent agent performance in non-transitive games: a multi-agent rock–paper–scissors benchmark,Scientific Reports,,,,10.1038/s41598-026-55417-9,Ou DengJianting XuShoji NishimuraAtsushi OgiharaQun Jin,2026,https://link.springer.com/article/10.1038/s41598-026-55417-9,Article
Adaptive monitoring and real-world evaluation of agentic AI systems,AI and Ethics,,,,10.1007/s43681-026-00990-y,Manish Shukla,2026,https://link.springer.com/article/10.1007/s43681-026-00990-y,Article
From benchmarks to deployment: a comprehensive review of agentic AI evaluation,Artificial Intelligence Review,,,,10.1007/s10462-026-11571-0,Tanzila KehkashanMuhammad AbdullahAhmad Sami Al-ShamaylehNikola IvkovićNor Azman IsmailSharifah Sakinah Syed AhmadAbdul RehmanAdnan Akhunzada,2026,https://link.springer.com/article/10.1007/s10462-026-11571-0,Article
Design and Evaluation of an Agentic AI Framework for Personalized Umrah Trip Planning,Arabian Journal for Science and Engineering,,,,10.1007/s13369-025-11021-z,Alaa Khamis,2026,https://link.springer.com/article/10.1007/s13369-025-11021-z,Article
The backlash effect in japan: how agency and communality influence the evaluation of agentic female leaders,Current Psychology,,,,10.1007/s12144-026-09032-6,Yuki KiyosueYasuko MorinagaKoudai Fukudome,2026,https://link.springer.com/article/10.1007/s12144-026-09032-6,Article
Benchmark for multi-agent pickup and delivery problem in a robotic mobile fulfillment system,Flexible Services and Manufacturing Journal,,,,10.1007/s10696-024-09563-9,Yangjun SunNing Zhao,2024,https://link.springer.com/article/10.1007/s10696-024-09563-9,Article
A Benchmark on&#xa0;Formation Control of&#xa0;Multi-agent Robotic System,Control Systems Benchmarks,,,,10.1007/978-3-031-76312-0_10,Francisco José Mañas-ÁlvarezMaría GuinaldoRaquel Dormido,2025,https://link.springer.com/chapter/10.1007/978-3-031-76312-0_10,Chapter
Quality Tuning and Evaluation with Agent Bricks,Databricks Data Intelligence Platform,,,,10.1007/979-8-8688-2524-8_7,Jason YipNikhil GuptaMarcin Wojtyczka,2026,https://link.springer.com/chapter/10.1007/979-8-8688-2524-8_7,Chapter
MAP: evaluation and multi-agent enhancement of large language models for inpatient pathways,npj Health Systems,,,,10.1038/s44401-026-00085-0,Zhen ChenZhihao PengXusheng LiangCheng WangPeigan LiangLinsheng ZengMinjie JuYixuan Yuan,2026,https://www.nature.com/articles/s44401-026-00085-0,Article
Multi-agent robust policy evaluation for reinforcement learning via primal-dual online time-averaging,Science China Information Sciences,,,,10.1007/s11432-024-4578-2,Gang ChenChangli PuYaoyao ZhouXiumin LiHuimiao Chen,2025,https://link.springer.com/article/10.1007/s11432-024-4578-2,Article
"Synthesis, Characterization and Biological Evaluation of a Sulfonamide-Based Antimicrobial Agent",Chemistry Africa,,,,10.1007/s42250-025-01338-5,Aref AtefiMohaddeseh LarypoorMasoumeh TabatabaeeGolnaz Bahramali,2025,https://link.springer.com/article/10.1007/s42250-025-01338-5,Article
Preparation and Performance Evaluation of Waterborne Polyurethane Modified with Silane Coupling Agent and Castor Oil,Journal of Wuhan University of Technology-Mater. Sci. Ed.,,,,10.1007/s11595-025-3217-2,Yunxue LiuQilin SunZhaorong FanYaxin GuXiumei WangPeng Liu,2025,https://link.springer.com/article/10.1007/s11595-025-3217-2,Article
Fabrication and evaluation of hybrid foam fire-extinguishing agent reinforced with nano-zirconia sol,Journal of Sol-Gel Science and Technology,,,,10.1007/s10971-025-06886-3,Weining DuYaqiang JiangMingqiang YanJun DengZhicheng Xie,2025,https://link.springer.com/article/10.1007/s10971-025-06886-3,Article
Development and Performance Evaluation of a Salt-Tolerant Supramolecular Fracturing Fluid Thickening Agent,Chemistry and Technology of Fuels and Oils,,,,10.1007/s10553-025-01972-2,Hubiao WangHeng Zhang,2025,https://link.springer.com/article/10.1007/s10553-025-01972-2,Article
The feedback loop: a systematic review of how evaluation practices inform conversational agent design,Universal Access in the Information Society,,,,10.1007/s10209-026-01311-0,Neşe Baz AktaşAdem Akbıyık,2026,https://link.springer.com/article/10.1007/s10209-026-01311-0,Article
Identification and evaluation of bioactive compound from selected medicinal plants: potential antibacterial agent,Vegetos,,,,10.1007/s42535-025-01395-8,Rita NoverizaEfriwatiMelatiSitti Fatimah Syahid,2025,https://link.springer.com/article/10.1007/s42535-025-01395-8,Article
Modeling human adaptation to ice-jam flood risk: a calibrated agent-based policy evaluation framework,Natural Hazards,,,,10.1007/s11069-025-07922-9,Mohammad GhoreishiBrandon BellowsKarl-Erich Lindenschmidt,2026,https://link.springer.com/article/10.1007/s11069-025-07922-9,Article
Value-based large language model agent simulation for mutual evaluation of trust and interpersonal closeness,Scientific Reports,,,,10.1038/s41598-025-25531-1,Yuki SakamotoTakahisa UchidaHiroshi Ishiguro,2025,https://link.springer.com/article/10.1038/s41598-025-25531-1,Article
Embedding ethical governance in personal AI systems: design and evaluation of a user-centred oversight agent,AI and Ethics,,,,10.1007/s43681-026-01193-1,Gyula Szabó,2026,https://link.springer.com/article/10.1007/s43681-026-01193-1,Article
A multi-agent large language model framework for intelligent vendor evaluation and risk-aware procurement decisions,Scientific Reports,,,,10.1038/s41598-026-50952-x,Amey JoshiMangal SinghDeepak ParasharMahesh Singh,2026,https://link.springer.com/article/10.1038/s41598-026-50952-x,Article
Synthesis and Biological Evaluation of Coumarin Bearing Thiourea Derivative as Potential Antibacterial Agent,Russian Journal of Organic Chemistry,,,,10.1134/S1070428024130177,Alim AlsukorNurul Alam InayatsyahSharifah Aminah Syed MohamadMohamad Jemain Mohamad RidhwanNurulfazlina Edayah RasolSyahrul Imran,2024,https://link.springer.com/article/10.1134/S1070428024130177,Article
Seal-Tools: Self-instruct Tool Learning Dataset for&#xa0;Agent Tuning and&#xa0;Detailed Benchmark,Natural Language Processing and Chinese Computing,,,,10.1007/978-981-97-9434-8_29,Mengsong WuTong ZhuHan HanChuanyuan TanXiang ZhangWenliang Chen,2025,https://link.springer.com/chapter/10.1007/978-981-97-9434-8_29,Conference paper
Preclinical Evaluation of an Anti-EphA2 Minibody-Based ImmunoPET Agent as a Diagnostic Tool For Cancer,Molecular Imaging and Biology,,,,10.1007/s11307-025-02048-7,Peggy A. BirikorangH. E. G. WedaarachchiJordan A. SmithGary KohanbashW. Barry Edwards,2025,https://link.springer.com/article/10.1007/s11307-025-02048-7,Article
"Boron Containing Curcumin-Like Compound as an Acetylcholinesterase Inhibitor and Anticancer Agent: Synthesis, Biological Evaluation, and Computational Insights",Cell Biochemistry and Biophysics,,,,10.1007/s12013-025-01885-1,Ferah Comert OnderKadircan UralAlper OnderBulent OzpolatMehmet Ay,2025,https://link.springer.com/article/10.1007/s12013-025-01885-1,Article
T2F: a domain-agnostic multi-agent framework for unstructured text to factuality evaluation items generation,Discover Artificial Intelligence,,,,10.1007/s44163-025-00294-w,Xin TongJingya WangYasen AizeziHanming ZhaiBo Jin,2025,https://link.springer.com/article/10.1007/s44163-025-00294-w,Article
"Eggshell-derived calcium oxide nanoparticles as promising anti-cancer agent: synthesis, characterization and in-vitro evaluation",Interactions,,,,10.1007/s10751-025-02310-y,Amey Vikas MahadikPrathamesh Rajesh PharandeAvinash Ashok SurvaseVilasrao Manikrao GhorpadeKaran Bandu PawarSnehal Anand MasurkarSonal Ramesh Inje,2025,https://link.springer.com/article/10.1007/s10751-025-02310-y,Article
In silico evaluation of anticancer peptide as a novel therapeutic agent against AURKA for targeting oral carcinogenesis,Journal of Molecular Modeling,,,,10.1007/s00894-025-06521-6,Deepak SaravananMonisha Mohan,2025,https://link.springer.com/article/10.1007/s00894-025-06521-6,Article
Preclinical Evaluation of Novel SGLT2-Targeted Near-Infrared Optical Imaging Agent for Early-Stage Pulmonary Adenocarcinoma,Molecular Imaging and Biology,,,,10.1007/s11307-025-02029-w,Katherine Ortmeyer WelchKelly Anne McGovernLydia ChenRyan KrouseKevin GuoJeffrey HuangMichael BrownJake MlakarVenu BandiDavid HoltPaul ZhangSunil Singhal,2025,https://link.springer.com/article/10.1007/s11307-025-02029-w,Article
Potential Play Evaluation with Learning-Based Agent Modeling,Machine Learning in Sports,,,,10.1007/978-981-96-1445-5_4,Keisuke Fujii,2025,https://link.springer.com/chapter/10.1007/978-981-96-1445-5_4,Chapter
Biological and computer-aided evaluation of 3-methoxy-13α-estrone-16α-diphenylphosphine oxide as a new antiestrogenic agent,Scientific Reports,,,,10.1038/s41598-025-27905-x,Sándor BarthaPéter GermánNoémi BózsityLászló G. PuskásRita BörzseiCsaba HetényiIstván ZupkóErzsébet MernyákRenáta Minorics,2025,https://link.springer.com/article/10.1038/s41598-025-27905-x,Article
On Risk Evaluation and Control of Distributed Multi-agent Systems,Journal of Optimization Theory and Applications,,,,10.1007/s10957-024-02464-9,Aray AlmenDarinka Dentcheva,2024,https://link.springer.com/article/10.1007/s10957-024-02464-9,Article
ML-AMP1 as a Potential Antifungal Agent: Activity and Therapeutic Evaluation in a Guinea Pig Model of Dermatophytosis,International Journal of Peptide Research and Therapeutics,,,,10.1007/s10989-025-10754-7,Shaojie ZhangYiqing SunKedong YinJinhua ZhangLan ZhangYufeng YangYuhan WangRuifang Li,2025,https://link.springer.com/article/10.1007/s10989-025-10754-7,Article
Safety rapid evaluation method and system of pump truck upper structure based on combination weighting and agent model,Journal of Engineering and Applied Science,,,,10.1186/s44147-025-00713-w,Qing DongJiachen MaGening XuLingjuan She,2025,https://link.springer.com/article/10.1186/s44147-025-00713-w,Article
Evaluation of the Therapeutic Effectiveness of a Composite Agent in the Treatment of Radiation–Thermal Damage,Biology Bulletin,,,,10.1134/S1062359024701760,T. R. GaynutdinovK. N. VaginR. N. Nizamov,2024,https://link.springer.com/article/10.1134/S1062359024701760,Article
CADD based designing and biological evaluation of novel triazole based thiazolidinedione coumarin hybrids as antidiabetic agent,Scientific Reports,,,,10.1038/s41598-025-88944-y,Anchal SharmaAnmol NarangNitish KumarRupali RanaMeghaPoojaMuskan DhirHarmandeep Kaur GulatiJyotiAanchal KhannaJatinder Vir SinghSukhraj KaurPreet Mohinder Singh Bedi,2025,https://link.springer.com/article/10.1038/s41598-025-88944-y,Article
"Design, synthesis, and biological evaluation of Osimertinib–Cy7 (OSA-Cy7) conjugate as potential theranostic agent targeting activating EGFR mutations",BMC Biotechnology,,,,10.1186/s12896-025-01025-w,Ying DongJinhang LiJia WuLu HuangXiaoqiong LiQiaoxuan ZhangXianzhang HuangPengwei Zhang,2025,https://link.springer.com/article/10.1186/s12896-025-01025-w,Article
Development and Characteristic Evaluation of Chemical Adhesive Plugging Agent,Proceedings of the International Field Exploration and Development Conference 2024,,,,10.1007/978-981-96-4922-8_3,Wei LiuXiao-ping ZhangLei Chen,2025,https://link.springer.com/chapter/10.1007/978-981-96-4922-8_3,Conference paper
Toward Automating Agent-Based Model Generation: A Benchmark for&#xa0;Model Extraction Using Question-Answering Techniques,Advances in Social Simulation,,,,10.1007/978-3-031-91782-0_17,Siamak KhatamiChristopher Frantz,2025,https://link.springer.com/chapter/10.1007/978-3-031-91782-0_17,Conference paper
Evaluation of <i>Bacillus amyloliquefaciens</i> Strain TV-17C as a&#xa0;Potential Biocontrol Agent Against Postharvest Blue Mold in Oranges,Applied Fruit Science,,,,10.1007/s10341-025-01646-7,Meltem AvanEslam Mohamed AlbastawisiRecep KotanŞeyma FiratGökhan Erarslan,2025,https://link.springer.com/article/10.1007/s10341-025-01646-7,Article
Selection criteria for foaming agent and mechanical performance evaluation of conditioned soil for EPB shield tunneling in water-rich sand strata,Scientific Reports,,,,10.1038/s41598-026-38868-y,Yuhang ZhouBitang ZhuRuping LuoJin YuQijing YangSanjay Nimbalkar,2026,https://link.springer.com/article/10.1038/s41598-026-38868-y,Article
Agent-Based Modelling Tools for&#xa0;CPS - An Experimental Evaluation,"Highlights in Practical Applications of Agents, Multi-Agent Systems, and Digital Twins: The PAAMS Collection",,,,10.1007/978-3-031-73058-0_20,Mert Ege CanBurak KaradumanMoharram Challenger,2025,https://link.springer.com/chapter/10.1007/978-3-031-73058-0_20,Conference paper
Multi-agent evaluation for energy management by practically scaling <i>α</i>-rank,Frontiers of Information Technology & Electronic Engineering,,,,10.1631/FITEE.2300438,Yiyun SunSenlin ZhangMeiqin LiuRonghao ZhengShanling DongXuguang Lan,2024,https://link.springer.com/article/10.1631/FITEE.2300438,Article
"Rational Design of Chlorinated Hydroxyxanthone as Anticancer Agent: Molecular Docking, Molecular Dynamic Simulation, ADMET, One-Pot Synthesis, and In Vitro Evaluation",Cell Biochemistry and Biophysics,,,,10.1007/s12013-025-01796-1,Yehezkiel Steven KurniawanHarizalNela FatmasariErvan YudhaJuminaHarno Dwi PranowoEti Nurwening Sholikhah,2025,https://link.springer.com/article/10.1007/s12013-025-01796-1,Article
Evaluation of Vaccination Strategies in an Agent-Based SEIRV Epidemic Model,Advances in Digital Health and Medical Bioengineering II,,,,10.1007/978-3-032-24724-7_33,Marius Gavrilescu,2026,https://link.springer.com/chapter/10.1007/978-3-032-24724-7_33,Conference paper
"Design, synthesis, deep learning-guided prediction, and biological evaluation of novel pyridine-thiophene-based imine-benzalacetophenone hybrids as promising antimicrobial agent",Journal of Computer-Aided Molecular Design,,,,10.1007/s10822-025-00687-0,Krupa G. PrajapatiVikas A. DesaiMustafa Alhaji IsaRiki P. TailorBhadresh R. SudaniJignesh V. Pandya,2025,https://link.springer.com/article/10.1007/s10822-025-00687-0,Article
Design and evaluation of vaccines for the control of the etiological agent of East Coast fever,Parasites & Vectors,,,,10.1186/s13071-024-06517-w,José de la FuenteIsidro SobrinoMargarita Villar,2024,https://link.springer.com/article/10.1186/s13071-024-06517-w,Article
SecKQL-Agent: A Real-World APT29 Events Benchmark and&#xa0;Framework for&#xa0;Reliable Text-to-KQL in&#xa0;Security Analytics,Database Systems for Advanced Applications,,,,10.1007/978-981-92-0378-9_17,Huan ZhangHaiyan WangShaofang LongHao TanZiyu WangYan JiaZhaoquan Gu,2026,https://link.springer.com/chapter/10.1007/978-981-92-0378-9_17,Conference paper
"Preliminary study of a transarterial radioembolization agent using Samarium-153 microspheres: synthesis, characterization, and in vivo evaluation in normal mice",Journal of Radioanalytical and Nuclear Chemistry,,,,10.1007/s10967-025-10128-9,Amal Rezka PutraAndi ArjunaHerlan SetiawanAulia Arivin BillahSumandi JuliyantoAhsanal FikriIndra SaptiamaMiftakul MunirMarissa AngelinaRizal Maarif RukmanaIsa MahendraVeronika Yulianti SusiloLigwina Dita PertiwiWening LestariBoky Jeanne TuasikalRien Ritawidya,2025,https://link.springer.com/article/10.1007/s10967-025-10128-9,Article
Preparation of oxidized Starch/PVA/ZnO Nanobiocomposite hydrogel as drug delivery agent: SERS-Driven vancomycin In-vitro release kinetics and biological potential evaluation,Journal of Polymer Research,,,,10.1007/s10965-026-04920-8,Awaji Y. SafhiAmar Yasser JassimKhalaf F. AlsharifFuad M. AlzahraniKhalid J. AlzahraniArslan BashirAnfal FatimaNasir Mehmood,2026,https://link.springer.com/article/10.1007/s10965-026-04920-8,Article
Evaluation of the effectiveness and adverse events of oxycodone as a pain-relieving agent in 103 dogs with tumors: a retrospective study,BMC Veterinary Research,,,,10.1186/s12917-025-04987-3,Byung-Gee KoTae-Hyun KimHyun NamkungHye-Gyu LeeYoung-Jun KangGa-Hee YounKyoung-Won SeoHwa-Young YounMin-Ok Ryu,2025,https://link.springer.com/article/10.1186/s12917-025-04987-3,Article
Evaluation of an Antifungal Agent Against <i>Nakaseomyces Glabratus</i> in the in Vivo Model <i>Galleria Mellonella</i>,Current Microbiology,,,,10.1007/s00284-025-04715-y,Edson E. Maqueda-CabreraMayra Cuéllar-Cruz,2026,https://link.springer.com/article/10.1007/s00284-025-04715-y,Article
A Task Complexity Evaluation Framework for&#xa0;Mobile AI Agent Applications,HCI International 2025 Posters,,,,10.1007/978-3-031-94171-9_43,Jiazhi WenChenyu LiYuwei YangJianye Li,2025,https://link.springer.com/chapter/10.1007/978-3-031-94171-9_43,Conference paper
"Preparation, Evaluation and Field Application of Thermally Induced Crosslinked Polymer Gel Leakage Plugging Agent",Journal of Polymers and the Environment,,,,10.1007/s10924-024-03334-1,Jindong ChenHengbin QiuLesly Dasilva Wandji DjouonkepJunxian LvBinqiang Xie,2024,https://link.springer.com/article/10.1007/s10924-024-03334-1,Article
Synthesis and biological evaluation of echinomycin analogues as potential colon cancer agent,Scientific Reports,,,,10.1038/s41598-024-58196-3,Keita KojimaHiroaki KonishiKyoka MomosakiYuya KomataniAkira KatsuyamaKoji NakagawaKayoko KanamitsuFumika YakushijiMikihiro FujiyaSatoshi Ichikawa,2024,https://link.springer.com/article/10.1038/s41598-024-58196-3,Article
Laboratory evaluation <i>of Beauveria bassiana</i> strain ATCC74040 as a potential biocontrol agent of <i>Aculops lycopersici</i>,Scientific Reports,,,,10.1038/s41598-025-24062-z,Anna SybilskaNina MądryElżbieta Wójcik-GrontEwa Puchalska,2025,https://link.springer.com/article/10.1038/s41598-025-24062-z,Article
"LLM-Based Multi-agent Systems: Frameworks, Evaluation, Open Challenges, and Research Frontiers",Computational Intelligence,,,,10.1007/978-3-032-15632-7_9,Soharab Hossain Shaikh,2026,https://link.springer.com/chapter/10.1007/978-3-032-15632-7_9,Conference paper
"Design, synthesis, and biological evaluation of ACF-03: a novel anti-fibrotic and antioxidant agent targeting ROS-TGF-β1-HIF-1α axis",Applied Biological Chemistry,,,,10.1186/s13765-025-01007-8,Hiruni Nilshi Indeevarie AbeysiriwardhanaJin-Hyuk ChoiJoshua Miguel AnandappaAyusha MallaMoonjae Cho,2025,https://link.springer.com/article/10.1186/s13765-025-01007-8,Article
"Radiolabeling and evaluation of <sup>64+67</sup>Cu-2,2’-(1,2,4-Oxadiazole-3,5-diyl)di aniline as a theranostic agent for solid tumors",Scientific Reports,,,,10.1038/s41598-025-21804-x,Mohamed A. GizawyMohammed Salah AyoupAhmad S. KodousMohamed Taha AbdelrahmanM. A. Motaleb,2025,https://link.springer.com/article/10.1038/s41598-025-21804-x,Article
Multi-agent LLM with&#xa0;the&#xa0;Chain-of-Thought for&#xa0;Design Creativity Evaluation,HCI International 2025 – Late Breaking Papers,,,,10.1007/978-3-032-12385-5_21,Jiazhen ZhangJi HanSaeema Ahmed-Kristensen,2026,https://link.springer.com/chapter/10.1007/978-3-032-12385-5_21,Conference paper
Development and performance evaluation of foaming agent for heavy oil development and study on oil displacement mechanism in heterogeneous micromodel,Journal of Petroleum Exploration and Production Technology,,,,10.1007/s13202-025-01958-0,Mingguo PengQing WenLuhan WangQifan LiangJun YangQi ZhangJing Zhao,2025,https://link.springer.com/article/10.1007/s13202-025-01958-0,Article
An In Vitro Evaluation of <i>Trichoderma harzianum</i> as a Biocontrol Agent for Managing Fungal Diseases in <i>Rosa grandiflora</i>,Biology Bulletin,,,,10.1134/S1062359025611929,Syed Amjad BilalKhan SherHussain ShahShabir AhmadKhalid H. AlamerRashid Iqbal,2026,https://link.springer.com/article/10.1134/S1062359025611929,Article
In vitro and in vivo evaluation of thapsigargin as an antiviral agent against transmissible gastroenteritis virus,Veterinary Research,,,,10.1186/s13567-024-01359-x,Yang LiYuanyuan LiuYunhang ZhangChen TanYifei CaiYue ZhangJianing ChenYuguang FuGuangliang Liu,2024,https://link.springer.com/article/10.1186/s13567-024-01359-x,Article
"Design synthesis and evaluation of a novel 1,3,4-thiadiazole derivative as a potent anticancer and antibacterial agent supported by electronic property analysis and simulation studies",Scientific Reports,,,,10.1038/s41598-026-53341-6,Abdullah S. AlawamR. RajeshAbhishek Kumar VermaAbhishek DadhichV. ChoudriHassan A. RudayniMubarak A. AlamriManoj Kumar Bohra,2026,https://link.springer.com/article/10.1038/s41598-026-53341-6,Article
Evaluation of Pharmacokinetic and Pharmacodynamic (PK/PD) of Novel Fluorenylmethoxycarbonyl- Phenylalanine Antimicrobial Agent,Pharmaceutical Research,,,,10.1007/s11095-024-03690-6,Avinash Y. GahaneDevesh Pratap VermaSwagata SarkarAshwani K. Thakur,2024,https://link.springer.com/article/10.1007/s11095-024-03690-6,Article
Preclinical evaluation of [<sup>13x</sup>La]La-FAP-2286 as a novel theranostic agent for tumors expressing fibroblast activation protein,Scientific Reports,,,,10.1038/s41598-025-91716-3,Ali ShirpourAsghar HadadiSamaneh ZolghadriSara VosoughiSaeed Rajabifar,2025,https://link.springer.com/article/10.1038/s41598-025-91716-3,Article
Performance evaluation of distributed multi-agent IoT monitoring based on intelligent reflecting surface,EURASIP Journal on Advances in Signal Processing,,,,10.1186/s13634-024-01132-4,Ying SunJiajia HuangFusheng Wei,2024,https://link.springer.com/article/10.1186/s13634-024-01132-4,Article
Biological Efficacy Evaluation of Lab Synthesized MgGA Bio-MOF as an Antioxidant Agent and Drug Vehicle,Journal of Cluster Science,,,,10.1007/s10876-024-02650-9,Manu SharmaGagandeep KaurPawan Kumar,2024,https://link.springer.com/article/10.1007/s10876-024-02650-9,Article
"[<sup>177</sup>Lu]Lu-EDTMP —a bone pain palliating agent: pharmacokinetics, biodistribution, safety profile and clinical evaluation in osseous metastatic patients",European Journal of Nuclear Medicine and Molecular Imaging,,,,10.1007/s00259-025-07218-x,Shabana SaeedDiana PaezEnrique Estrada LobatoRoberto C. Delgado BoltonGhazal JameelFarida QureshiOlivier PelletAnita BrinkAdrian SotoAnna GrigoryanPeter KnollFrancesco Giammarile,2025,https://link.springer.com/article/10.1007/s00259-025-07218-x,Article
"Synthesis, biological evaluation, and molecular docking of novel 1,3,4-substituted-thiadiazole derivatives as potential anticancer agent",BMC Chemistry,,,,10.1186/s13065-024-01196-1,Samin A. ShaikhSatish N. WakchaureShivaji R. LabhadeRaju R. KaleRajasekhar R. AlavalaSantosh S. ChobeKamlesh S. JainHrishikesh S. LabhadeDipak D. Bhanushali,2024,https://link.springer.com/article/10.1186/s13065-024-01196-1,Article
Evaluation of antibacterial and antibiofilm activities of green-synthesized iron oxide nanoparticles using <i>Cyperus rotundus</i> extract as a reducing and stabilizing agent,Journal of Materials Science: Materials in Medicine,,,,10.1007/s10856-025-06914-2,Ankita ParmanikPrafful Pradeep KothariAnindya BoseSwati Biswas,2025,https://link.springer.com/article/10.1007/s10856-025-06914-2,Article
Experimental of Pressure-Bearing Effect Evaluation of Temporary Plugging Agent Combination,Proceedings of the International Field Exploration and Development Conference 2024,,,,10.1007/978-981-96-5158-0_8,Guang-cong RenYang ZhangPeng-fei TangHong-lin ZhengXin-fang MaLitao ShangSiqi Wang,2025,https://link.springer.com/chapter/10.1007/978-981-96-5158-0_8,Conference paper
Health Management Evaluation Algorithm for College Students Based on Distributed Multi-agent System,"Application of Big Data, Blockchain, and Internet of Things for Education Informatization",,,,10.1007/978-3-032-18634-8_4,Sanuo ChengLing Feng,2026,https://link.springer.com/chapter/10.1007/978-3-032-18634-8_4,Conference paper
Empirical Evaluation of&#xa0;Motion Primitives in&#xa0;Multi-Agent Path Finding with&#xa0;Kinodynamic Constraints,"Proceedings of the Ninth International Scientific Conference “Intelligent Information Technologies for Industry” (IITI’25), Volume 2",,,,10.1007/978-3-032-13612-1_41,Nikita ZavarzinKonstantin Yakovlev,2026,https://link.springer.com/chapter/10.1007/978-3-032-13612-1_41,Conference paper
Durability Evaluation of Cement Paste with Ginger by Adding Defoaming Agent,"Proceedings of 7th International Conference on Civil Engineering and Architecture, Volume 2",,,,10.1007/978-981-96-6111-4_1,Mio KawashimaSyu-ichiro SawadaTakuya Kondo,2025,https://link.springer.com/chapter/10.1007/978-981-96-6111-4_1,Conference paper
CommonHealth: Multi-agent Evaluation of&#xa0;Blockchain-Based Patient-Centred Health Networks,Multi-Agent Systems,,,,10.1007/978-3-031-93930-3_24,Mark MatthewsRem CollierEvan Spendlove,2025,https://link.springer.com/chapter/10.1007/978-3-031-93930-3_24,Conference paper
"Synthesis, biological evaluation, and molecular docking of a bromo-hydrazide derivative as a bacterial targeting agent and its radiolabeling with technetium-99m for diagnostic applications",Journal of Radioanalytical and Nuclear Chemistry,,,,10.1007/s10967-025-10219-7,Iqra RafiqueSaima TariqMuhammad SaifullahFloris P. J. T. RutjesShakera Khatoon Rizvi,2025,https://link.springer.com/article/10.1007/s10967-025-10219-7,Article
Preparation and biological evaluation of <sup>99m</sup>Tc-labeled polyethylene glycol-modified bis(4-methyl-2-nitroimidazole) PnAO as a hypoxia imaging agent,Journal of Radioanalytical and Nuclear Chemistry,,,,10.1007/s10967-025-10080-8,Shuo LiTaiwei Chu,2025,https://link.springer.com/article/10.1007/s10967-025-10080-8,Article
Preparation and evaluation of [<sup>64</sup>Cu]Cu-labeled bisphosphonate amide of DOTA using reactor-produced <sup>64</sup>Cu as an affordable skeletal PET imaging agent,Scientific Reports,,,,10.1038/s41598-026-43985-9,Priyalata S. S. ShettyK. V. VimalnathSourav PatraSutapa RakhitAvik ChakrabortySudipta Chakraborty,2026,https://link.springer.com/article/10.1038/s41598-026-43985-9,Article
Evaluation of hafnium oxide nanoparticles imaging characteristics as a contrast agent in X-ray computed tomography,Radiological Physics and Technology,,,,10.1007/s12194-024-00797-8,Arash SafariMaziyar MahdaviReza FardidAlireza OveisiReza JalliMasoud Haghani,2024,https://link.springer.com/article/10.1007/s12194-024-00797-8,Article
Evaluation of <i>Aquamicrobium lusatiense</i> NLF 2–7 as a Biocontrol Agent in Manure Composting: Effects on Odorous Compounds and Microbial Community Under Mesophilic Conditions,Microbial Ecology,,,,10.1007/s00248-025-02613-1,Riuh WardhaniJinho ShinSeunghun LeeJumi LeeYoung Ho NamMi-Hwa LeeKook-ll HanHeekwon Ahn,2025,https://link.springer.com/article/10.1007/s00248-025-02613-1,Article
Agent-based manufacturing — review and expert evaluation,The International Journal of Advanced Manufacturing Technology,,,,10.1007/s00170-023-11517-8,Terrin PulikottilLuis A. Estrada-JimenezHamood Ur RehmanFan MoSanaz Nikghadam-HojjatiJose Barata,2023,https://link.springer.com/article/10.1007/s00170-023-11517-8,Article
Predicate-Based Explanation of&#xa0;a&#xa0;Reinforcement Learning Agent via&#xa0;Action Importance Evaluation,Machine Learning and Principles and Practice of Knowledge Discovery in Databases,,,,10.1007/978-3-031-74630-7_2,Léo SaulièresMartin C. CooperFlorence Dupin de Saint-Cyr,2025,https://link.springer.com/chapter/10.1007/978-3-031-74630-7_2,Conference paper
Evaluation of the Antimicrobial Activity of Triple Enzyme-Embedded Organic–Inorganic Hybrid Nanoflowers (hNFs) in Comparison with Powerful Antimicrobial Agent Chitosan,Current Microbiology,,,,10.1007/s00284-024-03884-6,Duygu AydemirSeda ÇakırNalan ÖzdemirNuriye Nuray Ulusu,2024,https://link.springer.com/article/10.1007/s00284-024-03884-6,Article
Evaluation of phenylurea-based antimicrobial agent in natural rubber latex dipped film as an application for medical gloves,Journal of Rubber Research,,,,10.1007/s42464-024-00261-7,M.Y. NorhanifahM. Asrul M.S. Shabinah FilzaC.A. RuslimieA. Nurulhuda,2024,https://link.springer.com/article/10.1007/s42464-024-00261-7,Article
Multi-agent System for Multi-modal Educational Content Generation and Evaluation: A Case Study,Behavioural and Social Computing,,,,10.1007/978-981-95-7144-4_34,Jingjun Wei,2026,https://link.springer.com/chapter/10.1007/978-981-95-7144-4_34,Conference paper
A Virtual Testbed for&#xa0;the&#xa0;Multidisciplinary Evaluation of&#xa0;Human-Agent Teaming Dynamics,Human Interface and the Management of Information,,,,10.1007/978-3-031-93819-1_13,Audrey L. AldridgeChristopher HudsonKarl SminkAndrew R. BuckDerek T. AndersonVictor PaulRachel AndersonDrew HoelscherMary QuinnMatus PlevaCindy L. BethelDaniel W. Carruth,2025,https://link.springer.com/chapter/10.1007/978-3-031-93819-1_13,Conference paper
"Characterization and Safety Evaluation of Surfactin from <i>Bacillus methylotrophicus</i> Effective against <i>Streptomyces scabies</i>, the Causative Agent of Potato Common Scab",Applied Biochemistry and Microbiology,,,,10.1134/S0003683824607480,J. LiL. MaZ. XuJ. YuanL. ZhangZ. ZhangQ. KangB. ZhouD. Wu,2025,https://link.springer.com/article/10.1134/S0003683824607480,Article
Actions Speak Louder Than Words: Evidence-Based Trust Level Evaluation in&#xa0;Multi-agent Systems,Information and Communications Security,,,,10.1007/978-981-95-3543-9_14,Nikolaos FotosKoffi Ismael OuattaraDimitrios S. KarasIoannis KrontirisWeizhi MengThanassis Giannetsos,2026,https://link.springer.com/chapter/10.1007/978-981-95-3543-9_14,Conference paper
Evaluation of a Biologically-Inspired Multi-Agent System Consensus Algorithm to Develop Application Insights,Augmented Intelligence in Systems Engineering and Engineered Systems,,,,10.1007/978-3-032-12309-1_9,Grace GrattonBryan Watson,2026,https://link.springer.com/chapter/10.1007/978-3-032-12309-1_9,Conference paper
Synergistic Effect of Bimetallic Nanoparticles and Evaluation as an Antibacterial Agent Against <i>Streptococcus mutans</i> and<i> Klebsiella pneumonia</i>,Plasmonics,,,,10.1007/s11468-025-02811-0,Laith A. YaaqoobAiyah S. NooriHassan Lafta AtiyahUday M. NayefNisreen Kh. Abdalameer,2025,https://link.springer.com/article/10.1007/s11468-025-02811-0,Article
Evaluation of the dual role of chlorine dioxide as an antimicrobial agent and defense elicitor against <i>Botrytis cinerea</i> in grapevines,"Horticulture, Environment, and Biotechnology",,,,10.1007/s13580-024-00621-7,Srinivasan RamalingamSoon Young AhnZar Le MyintHee Young JungSeung Yeol LeeJung A RyuSang-Min LeeHae Keun Yun,2024,https://link.springer.com/article/10.1007/s13580-024-00621-7,Article
Performance Evaluation of Human-Machine Interaction for Safely Navigating Agent in Unity Environment,Artificial Intelligence and Applications,,,,10.1007/978-3-031-86623-4_28,Abdulghani M. AbdulghaniWilbur L. WaltersKhalid H. Abed,2025,https://link.springer.com/chapter/10.1007/978-3-031-86623-4_28,Conference paper
The potential of natural deep eutectic solvent in polyphenol extraction of <i>Timonius flavescens</i> (Jacq) Baker as an anti-breast cancer agent and its toxicity evaluation,Advances in Traditional Medicine,,,,10.1007/s13596-025-00838-6,Muhammad Fauzan LubisRetno MurwantiPoppy Anjelisa Zaitun HasibuanSumaiyah SumaiyahNur Aira JuwitaAna YulyanaRirin AstykaSri YuliasmiLokot Donna LubisWardiyah DaulayKhairani Fitri,2025,https://link.springer.com/article/10.1007/s13596-025-00838-6,Article
"Evaluation of the potential of predatory mirid bug, <i>Dortus primarius</i> Distant as biocontrol agent of <i>Tuta absoluta</i> Meyrick",Journal of Plant Diseases and Protection,,,,10.1007/s41348-024-00997-9,Richa VarshneyNeeraj Budhlakoti,2024,https://link.springer.com/article/10.1007/s41348-024-00997-9,Article
"Design, Synthesis and Biological Evaluation of 7-Azaindole Analogues as Novel Antiproliferative Agent and Tyrosine Protein Kinase SRC Inhibitors",Pharmaceutical Chemistry Journal,,,,10.1007/s11094-024-03120-2,Neha SharmaAnuragMonika Sachdeva,2024,https://link.springer.com/article/10.1007/s11094-024-03120-2,Article
Innovative Reinforcement Learning Agent for HVAC Control in Residential Buildings: A BOPTEST Evaluation,"Intersection of Artificial Intelligence, Data Science, and Cutting-Edge Technologies: From Concepts to Applications in Smart Environment",,,,10.1007/978-3-031-90921-4_37,Youssef BoutahriAmine Tilioua,2025,https://link.springer.com/chapter/10.1007/978-3-031-90921-4_37,Conference paper
Identification and fungicides sensitivity evaluation of the causal agent of cobweb disease on <i>Lyophyllum decastes</i> in China,BMC Microbiology,,,,10.1186/s12866-024-03326-0,Keqin PengMeiling LinXiaoxiao YuanChangtian LiXiangyu ZengFenghua TianYu Li,2024,https://link.springer.com/article/10.1186/s12866-024-03326-0,Article
Evaluation of&#xa0;Infection Prevention Measures in&#xa0;Elementary Schools Using an&#xa0;Agent-Based Model,Advances in Social Simulation,,,,10.1007/978-3-031-91782-0_18,Shuta KikuchiTaisei MukaiKeisuke NakajimaYasuki KatoTakeshi TakizawaJunichi SugiyamaYasushi KakizawaSetsuya Kurahashi,2025,https://link.springer.com/chapter/10.1007/978-3-031-91782-0_18,Conference paper
Synthesis and evaluation of phosphoric ester pyrogallic acid hexaglycidyl ether as a green corrosion protective agent in the gas and oil industries,Journal of Materials Science,,,,10.1007/s10853-024-09813-z,Naoual El-AouniOmar DagdagAbdeslam El-AmriHansang KimElyor BerdimurodovAvni BerishaAbderrahim ElbachiriMohamed RafikKhasan Berdimuradov,2024,https://link.springer.com/article/10.1007/s10853-024-09813-z,Article
"A Novel Bisimine (4,6-Triazolyl, 2-Phenylamino,1,3,5-Triazine) Serving as Potential Anticancer Agent and Chemosensor for the Sensitive Colorimetric Detection of Cu(II) Ion: Design, Synthesis, and Biological Evaluation of Therapeutic Efficiency",Chemistry Africa,,,,10.1007/s42250-025-01378-x,A. SteffyJ. ShakinaR. SujathaM. KarthikeyanM. SaravananK. PoornimakaniP. Tharmaraj,2025,https://link.springer.com/article/10.1007/s42250-025-01378-x,Article
Selection of a biocontrol agent based on a comparative spore production evaluation,Systems Microbiology and Biomanufacturing,,,,10.1007/s43393-023-00198-9,Nathiely Ramírez-GuzmánSevastianos RoussosGloria A. Martinez-MedinaRaúl RodríguezCristóbal N. Aguilar,2023,https://link.springer.com/article/10.1007/s43393-023-00198-9,Article
Evaluation of the predatory soil mite <i>Blattisocius mali</i> (Acari: Blattisociidae) as a biocontrol agent of the acarid mite <i>Tyrophagus putrescentiae</i> (Acari: Acaridae) infesting stored flower bulbs,BioControl,,,,10.1007/s10526-026-10395-9,Manoj Kumar JenaMarcin StudnickiDariusz SochackiKatarzyna Michalska,2026,https://link.springer.com/article/10.1007/s10526-026-10395-9,Article
"Evaluation of ABT-751, a novel anti-mitotic agent able to overcome multi-drug resistance, in melanoma cells",Cancer Chemotherapy and Pharmacology,,,,10.1007/s00280-023-04624-6,Thamir M. MahgoubEmmet J. JordanAmira F. MahdiVeronika OettlStefanie HuefnerNorma O’DonovanJohn CrownDenis M. Collins,2024,https://link.springer.com/article/10.1007/s00280-023-04624-6,Article
"New solvated Mo(VI) complexes of isatin based asymmetric bisthiocarbohydrazones as potent bioactive agent: synthesis, DFT-molecular docking studies, biological activity evaluation and crystal structures",BioMetals,,,,10.1007/s10534-024-00633-x,Yeliz KayaAyşe ErçağSavaş KayaAvni BerishaBirnur AkkayaYunus Zorlu,2024,https://link.springer.com/article/10.1007/s10534-024-00633-x,Article
Multi-agent System for Intelligent Heating Control: Implementation and Evaluation Using Home Assistant and Neural Networks,Focus on Artificial Intelligence in Intelligent Systems Design,,,,10.1007/978-3-032-20746-3_10,Tomas SladcikHashim Habiballa,2026,https://link.springer.com/chapter/10.1007/978-3-032-20746-3_10,Conference paper
A prospective randomized clinical trial and an in vitro evaluation of the microtensile bond strength of a chlorhexidine-containing dentin bonding agent and a bulk fill composite material in primary teeth,BMC Oral Health,,,,10.1186/s12903-025-05960-0,Hülya AltıntopHasibe Elif KuruFahinur ErtuğrulMurat TürkünEbru Küçükyılmaz,2025,https://link.springer.com/article/10.1186/s12903-025-05960-0,Article
Using Generated Rubrics to&#xa0;Provide a&#xa0;Window Into Item Evaluation with&#xa0;Multi-agent LLMs,Artificial Intelligence in Education,,,,10.1007/978-3-031-98420-4_15,Yu WangMadhumitha GopalakrishnanYoav Bergner,2025,https://link.springer.com/chapter/10.1007/978-3-031-98420-4_15,Conference paper
Preparation and Evaluation of Hydrophobically Associating Polyacrylamide Liquid Suspension Agent for Oil Well Cement,Proceedings of the International Field Exploration and Development Conference 2024,,,,10.1007/978-981-96-4922-8_68,Lei WuBao-hui ZhaoJian-long ZouWei HouLing-long ShiZi-yue DongShuang ZouHai-chuan LuYi-hui Guo,2025,https://link.springer.com/chapter/10.1007/978-981-96-4922-8_68,Conference paper
Evaluation of Azadirachta Indica Extract as a Reducing and Stabilizing Agent for ZnO Nanoparticles,The Green Revolution: Building Sustainable Solutions,,,,10.1007/978-3-031-93444-5_121,Malik Ifra NabiSabreena ZahoorRuhani SharmaSunil ChhimpaHarsh PandeyAnjali AwasthiFarah SyedGarima AwasthiHemant PareekKumud Kant Awasthi,2025,https://link.springer.com/chapter/10.1007/978-3-031-93444-5_121,Conference paper
Evaluation of Micro-Level Circularity Indicators Using Agent-Based Modelling,"EcoDesign for Sustainable Products, Services and Social Systems II",,,,10.1007/978-981-99-3897-1_14,Megumi NikiTomomi Kito,2024,https://link.springer.com/chapter/10.1007/978-981-99-3897-1_14,Chapter
Evaluation of Dual Effect of Sodium Borohydride (NaBH<sub>4</sub>) as a Reducing and Crosslinking Agent for Development of Novel Silver Nanoparticles (AgNPs) Loaded Chitosan-Poly (Vinyl Alcohol) (CS-PVA) Hydrogels for Wound Healing Activity,Journal of Pharmaceutical Innovation,,,,10.1007/s12247-026-10500-6,Asli KaraNaile OzturkYakup GultekinSevda DemirFikrettin SahinImran Vural,2026,https://link.springer.com/article/10.1007/s12247-026-10500-6,Article
Evaluation of&#xa0;an&#xa0;LLM-Powered Student Agent for&#xa0;Teacher Training,Technology Enhanced Learning for Inclusive and Equitable Quality Education,,,,10.1007/978-3-031-72312-4_7,Saptarshi BhowmikLuke WestAlex BarrettNuodi ZhangChih-Pu DaiZlatko SokolikjSherry SoutherlandXin YuanFengfeng Ke,2024,https://link.springer.com/chapter/10.1007/978-3-031-72312-4_7,Conference paper
Evaluation of different plant aqueous extracts for effective management of <i>Thielaviopsis paradoxa</i> causal agent of the black scorch disease in date palm fronds in Morocco,Vegetos,,,,10.1007/s42535-024-01078-w,Mohamed BammouHamza ElbounyKhalid SellamAdil EssariouiChakib AlemEimad Dine Tariq Bouhlali,2024,https://link.springer.com/article/10.1007/s42535-024-01078-w,Article
A Comprehensive Framework for&#xa0;Turn-Taking Evaluation in&#xa0;Multi-agent Systems: Rotational Periodicity for&#xa0;Scalable Coordination Analysis,Artificial Intelligence and Soft Computing,,,,10.1007/978-3-032-03711-4_16,Nikolaos Al. PapadopoulosRallou TaratoriMarti Sanchez-FiblaKonstantinos E. Psannis,2026,https://link.springer.com/chapter/10.1007/978-3-032-03711-4_16,Conference paper
The ENGAGE study: evaluation of a conversational virtual agent that provides tailored pre-test genetic education to cancer patients,Journal of Cancer Survivorship,,,,10.1007/s11764-023-01495-x,Kala VisvanathanDana PetryMichelle S. McCulloughBetty MayRamkrishnan TenkasiNitin SharmaCatherine A. KleinAngelisa JohnsonGisselle KillianMelissa CampChanning J. PallerRima CouziMary WilkinsonLisa JacobsJulie LangeDanijela JelovacMichael A. CarducciMehran HabibiGauri NaikAshwin Kotwaliwale,2023,https://link.springer.com/article/10.1007/s11764-023-01495-x,Article
"Design, Synthesis and Pharmacological Evaluation of Some 2-Methylsulfanyl-1,4-Dihydropyrimidines Derivatives as an Analgesic Agent",Russian Journal of Bioorganic Chemistry,,,,10.1134/S1068162023040076,Ritesh BholeVarsha SarodeLata KothapalliShailendra GuravRupesh Chikhale,2023,https://link.springer.com/article/10.1134/S1068162023040076,Article
Surfactant/Foam Processes in Shallow Subsurface Remediation: Evaluation of Foams as a Blocking Agent,Transport in Porous Media,,,,10.1007/s11242-023-01980-y,B. Cepeda-SalgadoG. S. LeeI. GuptaC. WillsonS. I. Kam,2023,https://link.springer.com/article/10.1007/s11242-023-01980-y,Article
JASPER: An Agent-Based Simulation Tool for&#xa0;Test and&#xa0;Evaluation of&#xa0;Jammer-Angle Allocation Algorithms,Simulation Tools and Techniques,,,,10.1007/978-3-031-87345-4_25,Ahmet Burak BaraklıOkan TopçuHalit Oğuztüzün,2025,https://link.springer.com/chapter/10.1007/978-3-031-87345-4_25,Conference paper
In Silico and In Vivo Evaluation of Synthesized Ursolic Acid Derivative as Anti-hyperlipidemic Agent,"Current Progress in Biochemical, Biomedical, and Physical Sciences",,,,10.1007/978-981-96-9342-9_4,Laishram Dhanakumar SinghYadav Laxmi RaniMunmee GoswamiPooja PaulBaphilinia Jones MylliemngapRishanlang NongkhlawSuktilang Majaw,2025,https://link.springer.com/chapter/10.1007/978-981-96-9342-9_4,Conference paper
Evaluation of the hydroalcoholic extract of <i>Clarisia racemosa</i> as an antiparasitic agent: an in vitro approach,3 Biotech,,,,10.1007/s13205-023-03799-2,Iranildo José da Cruz FilhoDenise Maria Figueiredo Araújo DuarteDiego Santa Clara MarquesJoão Victor Ritinto da RochaEmily Gabriele Marques DinizFábio André BraynerLuiz Carlos AlvesMônica Camelo Pessoa de Azevedo AlbuquerqueAndré de Lima AiresFátima NogueiraMaria do Carmo Alves de Lima,2023,https://link.springer.com/article/10.1007/s13205-023-03799-2,Article
"Synthesis of trimethoxy-benzylidene-hydrazine-carboxamide compounds: antioxidant, antimicrobial and antiparasitic agent, evaluation of the interaction with BSA and ADMET parameters",Chemical Papers,,,,10.1007/s11696-023-03214-3,Maria José Cristiane da SilvaDiego Santa Clara MarquesPedro Henrique do Bomfim NascimentoRaudiney Frankilin Vasconcelos MendesMaria Daniela Silva Buonafina-PazDijanah Cota MachadoFábio André Brayner dos SantosLuiz Carlos AlvesRafael Matos XimenesRejane Pereira NevesIranildo José da Cruz FilhoMaria do Carmo Alves de Lima,2023,https://link.springer.com/article/10.1007/s11696-023-03214-3,Article
Evaluation of the Extract of <i>Pseudopithomyces chartarum</i> to be used as Biocontrol Agent Against <i>Phytophthora cinnamomi</i> in <i>Lupinus luteus</i>,Journal of Soil Science and Plant Nutrition,,,,10.1007/s42729-024-01969-6,C. García-LatorreS. RodrigoO. Santamaria,2024,https://link.springer.com/article/10.1007/s42729-024-01969-6,Article
Long-Term Field Evaluation of a Bio-Based Recycling Agent in Asphalt Mixtures at the NCAT Test Track,3rd International Workshop on the Use of Biomaterials in Pavements,,,,10.1007/978-3-032-27219-5_22,Amir JafarmilajerdiNam TranRaquel Moraes,2026,https://link.springer.com/chapter/10.1007/978-3-032-27219-5_22,Conference paper
"PPP performance evaluation: the social welfare goal, principal–agent theory and political economy",Policy Sciences,,,,10.1007/s11077-023-09504-7,Mark A. MooreAidan R. Vining,2023,https://link.springer.com/article/10.1007/s11077-023-09504-7,Article
Evaluation of nimotuzumab Fab<sub>2</sub> as an optical imaging agent in EGFR positive cancers,Scientific Reports,,,,10.1038/s41598-023-37873-9,Wendy BernhardKris BarretoDarien ToledoAyman El-SayedKimberly A. JettAngel CasacoHumphrey FongeC. Ronald Geyer,2023,https://link.springer.com/article/10.1038/s41598-023-37873-9,Article
"First-in-human study of PSMA-targeting agent, [<sup>18</sup>F]AlF-P16-093: dosimetry and initial evaluation in prostate cancer patients",European Journal of Nuclear Medicine and Molecular Imaging,,,,10.1007/s00259-024-06596-y,Ruiyue ZhaoMiao KeJie LvShaoyu LiuYuheng LiuJing ZhangLifu XuDi GuMingzhao LiChao CaiYongda LiuGuohua ZengDavid AlexoffKarl PloesslLin ZhuHank F. KungXinlu Wang,2024,https://link.springer.com/article/10.1007/s00259-024-06596-y,Article
"Acrylonitrile adducts: design, synthesis and biological evaluation as antimicrobial, haemolytic and thrombolytic agent",Scientific Reports,,,,10.1038/s41598-023-33605-1,Parineeta DasNirmala DeviNisha GaurSwagata GoswamiDhiraj DuttaRama DubeyAmrit Puzari,2023,https://link.springer.com/article/10.1038/s41598-023-33605-1,Article
Evaluation of Water-Blocking Agent Effectiveness and Optimization of Injection Parameters in the Sulige Gas Field,Proceedings of the International Field Exploration and Development Conference 2024,,,,10.1007/978-981-96-2900-8_22,Kai-qing LuoXiao-hang LiWen-qing WangHong-Rui YangWei QinJun-qin Hu,2025,https://link.springer.com/chapter/10.1007/978-981-96-2900-8_22,Conference paper
Differentiated SH-SY5Y neuroblastoma cells as a model for evaluation of nerve agent-associated neurotoxicity,Archives of Toxicology,,,,10.1007/s00204-023-03525-0,Lenka PulkrabkovaLubica MuckovaMartina HrabinovaAles SorfTereza KobrlovaPetr JostDagmar BezdekovaJan KorabecnyDaniel JunOndrej Soukup,2023,https://link.springer.com/article/10.1007/s00204-023-03525-0,Article
Study on Screening and Performance Evaluation Technology of Salt-Tolerant Foaming Agent,Proceedings of the International Field Exploration and Development Conference 2023,,,,10.1007/978-981-97-0260-2_47,Yi JinXiang GaoJian-quan LiuQi-fan ChangZhi-lin YeXun SunShi-ling Zhang,2024,https://link.springer.com/chapter/10.1007/978-981-97-0260-2_47,Conference paper
"Development and evaluation of a colorimetric LAMP-based biosensor for rapid detection of a nosocomial infection agent, <i>Citrobacter freundii</i>",Scientific Reports,,,,10.1038/s41598-023-49329-1,Hamidreza MollasalehiFaezeh EsmailiDariush Minai-Tehrani,2023,https://link.springer.com/article/10.1038/s41598-023-49329-1,Article
Fused in silico and bioactivity evaluation method for drug discovery: T001-10027877 was identified as an antiproliferative agent that targets EGFR<sup>T790M/C797S/L858R</sup> and EGFR<sup>T790M/L858R</sup>,BMC Chemistry,,,,10.1186/s13065-024-01279-z,Linxiao WangXiaoling HuangShidi XuYufeng AnXinya LvWufu ZhuShan XuYuanbiao TuShuhui ChenQiaoli LvPengwu Zheng,2024,https://link.springer.com/article/10.1186/s13065-024-01279-z,Article
In vivo toxicity evaluation of a polyoxotungstate nanocluster as a promising contrast agent for computed tomography,Scientific Reports,,,,10.1038/s41598-023-36317-8,Marko StojanovićJovana LalatovićAleksandra MilosavljevićNada SavićCharlotte SimmsBranimir RadosavljevićMila ĆetkovićTamara Kravić StevovićDavor MrdaMirjana B. ČolovićTatjana N. Parac-VogtDanijela Krstić,2023,https://link.springer.com/article/10.1038/s41598-023-36317-8,Article
MATEval: A Multi-agent Discussion Framework for&#xa0;Advancing Open-Ended Text Evaluation,Database Systems for Advanced Applications,,,,10.1007/978-981-97-5575-2_31,Yu LiShenyu ZhangRui WuXiutian HuangYongrui ChenWenhao XuGuilin QiDehai Min,2024,https://link.springer.com/chapter/10.1007/978-981-97-5575-2_31,Conference paper
Development and Evaluation of a Relational Agent to Assist with Screening and Intervention for Unhealthy Drinking in Primary Care,Journal of Technology in Behavioral Science,,,,10.1007/s41347-023-00332-3,Julianne E. BradyNicholas A. LivingstonMolly SawdyKate YeksigianShuo ZhouTimothy W. BickmoreSteven R. SimonAmy Rubin,2023,https://link.springer.com/article/10.1007/s41347-023-00332-3,Article
Bridging principal-agent and mechanism design theories: an integrated conceptual framework for policy evaluation,Asia Pacific Education Review,,,,10.1007/s12564-023-09844-2,Heeyun Kim,2023,https://link.springer.com/article/10.1007/s12564-023-09844-2,Article
Characterization and evaluation of <i>Bacillus altitudinis</i> BS-4 as a novel potential biocontrol agent against <i>Phytophthora sojae</i> in soybean,Tropical Plant Pathology,,,,10.1007/s40858-024-00637-5,Shun CaoFangxin ChenYuli DaiZhenyu ZhaoBingxin JiangYuemin PanZhimou Gao,2024,https://link.springer.com/article/10.1007/s40858-024-00637-5,Article
Evaluation of physcion isolated from endophytic <i>Aspergillus fumigatus</i> ASH3 as an antiviral agent against coxsackievirus B4 and herpes simplex virus type 1: <i>in silico</i>-supported <i>in</i> <i>vitro</i> study,Folia Microbiologica,,,,10.1007/s12223-025-01389-8,Khulud BukhariHeba I. ElkhoulySeham F. HasanAhmed G. SolimanHeba Mohammed Refat M. SelimNagwa M. SidkeyAsmaa El-HosainyAsmaa SalehAsmaa M. FahimMosad A. GhareebAhmed A. Hamed,2026,https://link.springer.com/article/10.1007/s12223-025-01389-8,Article
Evaluation of&#xa0;a&#xa0;Customer Development Simulator Using Large Language Model-Based Multi-agent System and&#xa0;Synthetic Respondents,Proceedings of Tenth International Congress on Information and Communication Technology,,,,10.1007/978-981-96-6938-7_22,Lois Abigail ToZachary Matthew AlabastroJoseph Benjamin Ilagan,2025,https://link.springer.com/chapter/10.1007/978-981-96-6938-7_22,Conference paper
Evaluation of Oil Displacement Performance of Imbibition Oil Displacement Agent in an Oilfield,Proceedings of the International Field Exploration and Development Conference 2023,,,,10.1007/978-981-97-0264-0_103,Zun-peng HuTian-kui GuoZhan-qing QuTong Hao,2024,https://link.springer.com/chapter/10.1007/978-981-97-0264-0_103,Conference paper
Direct toxicity and emigration: evaluation of herbicide interactions with a biological control agent for Brazilian peppertree (<i>Schinus terebinthifolia</i>),BioControl,,,,10.1007/s10526-023-10216-3,Kelly CarruthersJames CudaStephen EnloeEmily Le FalchierCarey Minteer,2023,https://link.springer.com/article/10.1007/s10526-023-10216-3,Article
Evaluation of Some Medicinal Plants as an Antimicrobial Agent for Drinking Water Treatment,Techno-Societal 2022,,,,10.1007/978-3-031-34648-4_75,Sachin G. ChondeSonal G. Chonde,2024,https://link.springer.com/chapter/10.1007/978-3-031-34648-4_75,Conference paper
"Molecular characterization and evaluation of novel management options for <i>Burkholderia glumae</i> BG1, the causative agent of panicle blight of rice (<i>Oryza sativa</i> L.)",Molecular Biology Reports,,,,10.1007/s11033-024-09498-2,Bhaskaran SreenayanaKalyan Kumar MondalNivetha MathiyalaganKalaivanan Nagaranai ShanmugamSanjeev KumarMrutyunjaya Shrinivas ReddyChander Mani,2024,https://link.springer.com/article/10.1007/s11033-024-09498-2,Article
Performance Evaluation and On-site Application of Fracture and Cavity Type Carbonate Rock Plugging Agent in Halahatang Oilfield,Progress and Challenge of Porous Media: Proceedings of the 16th Annual Meeting Conference on Porous Media,,,,10.1007/978-981-96-2983-1_68,Ju ZhongXujian JiangLei YangJie YaoJi-xiang GuoBin QiYue Guo,2025,https://link.springer.com/chapter/10.1007/978-981-96-2983-1_68,Conference paper
Integrated in vivo and in silico evaluation of sweet basil oil as a protective agent against cisplatin-induced neurotoxicity in mice,Beni-Suef University Journal of Basic and Applied Sciences,,,,10.1186/s43088-023-00401-9,Doaa Shaaban MohamedOlfat ShehataMai Mohamed LabibNema Sayed Shaban,2023,https://link.springer.com/article/10.1186/s43088-023-00401-9,Article
Evaluation of [<sup>99m</sup>Tc]Tc-TTHMP as a SPECT imaging agent for skeletal system,Journal of Radioanalytical and Nuclear Chemistry,,,,10.1007/s10967-023-08829-0,Hu SongGuanquan WangJing WangXia YangHongyuan WeiShunzhong Luo,2023,https://link.springer.com/article/10.1007/s10967-023-08829-0,Article
Development and Evaluation Application of a New Type of Composite Bridging Pressure Plugging Agent,Proceedings of the International Field Exploration and Development Conference 2023,,,,10.1007/978-981-97-0256-5_56,Rong-jun ZhangZhen-zhen NianXiao-lei ZhengKe-xiang NingPeng-hui ZhangHao Cheng,2024,https://link.springer.com/chapter/10.1007/978-981-97-0256-5_56,Conference paper
Evaluation of Dynamic Incentive Pricing for Congestion Management in Transit System: An Agent-Based Simulation,Proceedings of the Canadian Society of Civil Engineering Annual Conference 2022,,,,10.1007/978-3-031-34027-7_43,Yili TangBingyu Zhao,2024,https://link.springer.com/chapter/10.1007/978-3-031-34027-7_43,Conference paper
Solvent effects on terpenoid compositions and antioxidant activities of <i>Cinnamomum camphora</i> (L.) J. Presl extracts and the main antioxidant agent evaluation through in vitro and in vivo assay,Chemical and Biological Technologies in Agriculture,,,,10.1186/s40538-023-00524-2,Yingying WangSiyi ZhangYuandan MaXianmin DuQi ZongDie LinMeng LaiTianyu HuangQingyun LuoLin YangZhanyong LiZhaojiang Zuo,2024,https://link.springer.com/article/10.1186/s40538-023-00524-2,Article
Polymeric Nanogel for Oral Delivery of the Chemotherapeutic Agent: Fabrication and Evaluation Alongside Toxicological Studies and Histopathological Examination,AAPS PharmSciTech,,,,10.1208/s12249-023-02499-7,Humaira SultanaMuhammad Naeem AamirAsadullah MadniMasood ur RehmanAfifa ShafiqJafir Hussain ShiraziSidra HassanSumaira,2023,https://link.springer.com/article/10.1208/s12249-023-02499-7,Article
Performance Evaluation and Process Optimization of Molecular Film Drag-Reducing and Augmentation Agent for Ultra-Low Permeability Reservoir in Changqing Oilfield,Proceedings of the International Field Exploration and Development Conference 2024,,,,10.1007/978-981-96-5158-0_91,Tao CaoYi-Hui LiuRong-rong CaoTeng-huan Zhang,2025,https://link.springer.com/chapter/10.1007/978-981-96-5158-0_91,Conference paper
Using Agent-Based Modeling and&#xa0;Simulation for&#xa0;Quality in&#xa0;Use Evaluation of&#xa0;Ambient Assisted Living Applications,Proceedings of the International Conference on Ubiquitous Computing and Ambient Intelligence (UCAmI 2024),,,,10.1007/978-3-031-77571-0_16,Maria Paula Corrêa AngeloniEmmanuelle Grislin-Le StrugeonKáthia Marçal de OliveiraCristina TirnaucaRafael Duque,2024,https://link.springer.com/chapter/10.1007/978-3-031-77571-0_16,Conference paper
Evaluation of Intelligent Level of Multi-Agent Game Theory Deduction Models Based on Game Neural Networks,Proceedings of 3rd 2023 International Conference on Autonomous Unmanned Systems (3rd ICAUS 2023),,,,10.1007/978-981-97-1087-4_49,Hanye SunJieru FanHongbo HuangYingqi Wang,2024,https://link.springer.com/chapter/10.1007/978-981-97-1087-4_49,Conference paper
Agent-Based Simulation Model for the Real-Time Evaluation of Tunnel Boring Machines Using Deep Learning,"Construction Logistics, Equipment, and Robotics",,,,10.1007/978-3-031-44021-2_20,Yara SalloumElham MahmoudiMarkus König,2024,https://link.springer.com/chapter/10.1007/978-3-031-44021-2_20,Conference paper
Knowledge Transfer from&#xa0;Situation Evaluation to&#xa0;Multi-agent Reinforcement Learning,Neural Information Processing,,,,10.1007/978-981-99-1639-9_1,Min ChenZhiqiang PuYi PanJianqiang Yi,2023,https://link.springer.com/chapter/10.1007/978-981-99-1639-9_1,Conference paper
"Evaluation of antibacterial, antioxidant, photocatalytic activities of silver-decorated TiO<sub>2</sub> comparison green and classic capping agent",Applied Nanoscience,,,,10.1007/s13204-022-02748-4,Margarita SkibaViktoria Vorobyova,2023,https://link.springer.com/article/10.1007/s13204-022-02748-4,Article
Noninvasive evaluation of PD-L1 expression in non-small cell lung cancer by immunoPET imaging using an acylating agent–modified antibody fragment,European Journal of Nuclear Medicine and Molecular Imaging,,,,10.1007/s00259-023-06130-6,Yuan ChengDai ShiRenjie YeWenhui FuPengcheng MaZhan SiZhan XuLixin LiQingyu LinDengfeng Cheng,2023,https://link.springer.com/article/10.1007/s00259-023-06130-6,Article
"Evaluation of the pharmacokinetics, dosimetry, and therapeutic efficacy for the α-particle-emitting transarterial radioembolization (αTARE) agent [<sup>225</sup>Ac]Ac-DOTA-TDA-Lipiodol<sup>®</sup> against hepatic tumors",EJNMMI Radiopharmacy and Chemistry,,,,10.1186/s41181-023-00205-3,Anders JosefssonAngel G. CortezHarikrishnan RajkumarJoseph D. LatocheAmbika P. JaswalKathryn E. DayMohammadreza ZarisfiLora H. RigattiZiyu HuangJessie R. Nedrow,2023,https://link.springer.com/article/10.1186/s41181-023-00205-3,Article
Evaluation of Government Incentive Policy on Industrial Waste Utilization by Agent-Based Simulation of Industrial Symbiosis Network,Simulation for a Sustainable Future,,,,10.1007/978-3-031-68435-7_6,Shufang XieTao ZhangTobias UhligOliver Rose,2024,https://link.springer.com/chapter/10.1007/978-3-031-68435-7_6,Conference paper
"Radiocomplexation, Biological Evaluation, and Characterization of [<sup>99m</sup>Tc]-5-[(3-Carboxy-4-hydroxyphenyl)diazenyl]-2-hydroxybenzoic Acid as a Novel Agent for Imaging of Ulcerative Colitis in Mice",Radiochemistry,,,,10.1134/S1066362223030141,M. H. SanadH. M. EyssaF. A. MarzookA. B. FaragA. ElrefaeiA. S. M. FouzyS. B. Challan,2023,https://link.springer.com/article/10.1134/S1066362223030141,Article
"Cd<sup>2+</sup> Converted to CdO Using <i>Cosmos sulphureus</i> as Reducing Agent and Evaluation of Optical Property, Morphology and Antimicrobial Activity",Chemistry Africa,,,,10.1007/s42250-023-00646-y,P. Sri Bala Jeya Krishna SriM. Praveen KumarS. Padmavathy,2023,https://link.springer.com/article/10.1007/s42250-023-00646-y,Article
Evaluation of <i>Telenomus</i> <i>remus</i> (Hymenoptera: Platygastridae) as a biocontrol agent of <i>Spodoptera</i> <i>litura</i> (Lepidoptera: Noctuidae) based on two-sex life table and functional response analyses,CABI Agriculture and Bioscience,,,,10.1186/s43170-023-00188-w,Zhen ShenLi-Hui LiuLian-Sheng ZangTie-Jun DengZhen-Bao LuoJun-Yi GaoLiang-De Tang,2023,https://link.springer.com/article/10.1186/s43170-023-00188-w,Article
Cluster Evaluation Method Based on Multi-agent Deduction and Complex Network Technology,Proceedings of 2021 5th Chinese Conference on Swarm Intelligence and Cooperative Control,,,,10.1007/978-981-19-3998-3_71,Jinlong GuoLizhi WangXiaohong Wang,2023,https://link.springer.com/chapter/10.1007/978-981-19-3998-3_71,Conference paper
COVID-19 Transmission in Universities: Mitigation Measures Evaluation Using Agent-Based Simulation,Proceedings of the 11th International Conference on Production Research – Americas,,,,10.1007/978-3-031-36121-0_16,Renata CavionFrancielly Hedler StaudtEnzo Morosini FrazzonBruno Gallio CeronRaiza Celeghin BenedectiJoão Victor Mendes RochaSaulo dos Santos Neves Pinheiro,2023,https://link.springer.com/chapter/10.1007/978-3-031-36121-0_16,Conference paper
Isolation and evaluation of <i>Bacillus subtilis</i> RSS-1 as a potential biocontrol agent against <i>Sclerotinia sclerotiorum</i> on oilseed rape,European Journal of Plant Pathology,,,,10.1007/s10658-023-02642-x,Shun CaoBingxin JiangGuogen YangGuangxue PanYuemin PanFangxin ChenZhimou GaoYuli Dai,2023,https://link.springer.com/article/10.1007/s10658-023-02642-x,Article
Evaluation of the Effects of Diammonium Phosphate (DAP) as a Consolidating Agent for the Restoration of the Main Façade of the Rectory of Santa Maria of Vezzolano,The Future of Heritage Science and Technologies,,,,10.1007/978-3-031-87068-2_12,Maria Francesca AlberghinaMartina CironeValentina BarberisFrancesco BrigadeciGiulia ComelloGiuseppe MilazzoLuciana RandazzoNatalia RovellaSalvatore SchiavoneMauro Francesco La RussaMichela Ricca,2025,https://link.springer.com/chapter/10.1007/978-3-031-87068-2_12,Conference paper
1001 Games a&#xa0;Night—Continuous Evaluation of&#xa0;an&#xa0;Intelligent Multi-agent-Based System,Proceedings of Eighth International Congress on Information and Communication Technology,,,,10.1007/978-981-99-3091-3_59,Eicke GodehardtMohamed Amine AllaniAlexander Julian ViethThomas Gabel,2023,https://link.springer.com/chapter/10.1007/978-981-99-3091-3_59,Conference paper
Design and&#xa0;Evaluation of&#xa0;a&#xa0;Smart Environment with&#xa0;a&#xa0;Conversational Agent for&#xa0;Mindful Eating,Proceedings of the International Conference on Ubiquitous Computing & Ambient Intelligence (UCAmI 2022),,,,10.1007/978-3-031-21333-5_90,Mario O. ParraJesus FavelaLuis A. Castro,2023,https://link.springer.com/chapter/10.1007/978-3-031-21333-5_90,Conference paper
An Evaluation of Agent-Based Models for Simulating E-Scooter Sharing Services in Urban Areas,Smart Energy for Smart Transport,,,,10.1007/978-3-031-23721-8_79,Eirini StavropoulouLambros MitropoulosPanagiotis G. TzourasChristos KarolemeasKonstantinos Kepaptsoglou,2023,https://link.springer.com/chapter/10.1007/978-3-031-23721-8_79,Conference paper
Evaluation of Strain Recovery and Stress Sensitivity of Asphalt Binders Containing Warm-Mix Asphalt Additive and Anti-stripping Agent,Challenges and Innovations in Geomechanics,,,,10.1007/978-3-031-12851-6_2,Shivani RaniRouzbeh GhabchiMusharraf ZamanSyed Ashik Ali,2023,https://link.springer.com/chapter/10.1007/978-3-031-12851-6_2,Conference paper
Study on the Evaluation Method of Static Adsorption Amount of Oil-Displacing Agent Used in Fracturing Ultra-low Permeability Reservoirs,Proceedings of the International Field Exploration and Development Conference 2022,,,,10.1007/978-981-99-1964-2_468,Wan-zhuo PingXiang-rong LuoLi-an YangFeng Guo,2023,https://link.springer.com/chapter/10.1007/978-981-99-1964-2_468,Conference paper