benchmark_name,target_capabilities,evaluation_paradigm,environment_type,core_metrics,key_limitations,venue,venue_status,year,arxiv_id,in_landscape_matrix,W1_evidence_grade,W1_grade_basis
Mind2Web,Environment perception (W4); Planning as action prediction (W1); Multi-turn reasoning (W2),"Programmatic/deterministic, offline action matching (H1)",Static dataset of cached real-website snapshots (E1),Element accuracy; Operation F1; Step success rate; Task success rate,Offline single-reference scoring penalizes valid alternate paths (trajectory drift); snapshot staleness,"NeurIPS 2023 (Datasets & Benchmarks, Spotlight)",peer-reviewed,2023,2306.06070,True,C,
GAIA,Multi-turn reasoning (W2); Tool use (W3); Web perception (W4); Multimodality,"Programmatic/deterministic, quasi-exact match (H1)",Static question set solved via open web (E1 + E2b hybrid),Accuracy by difficulty level (L1-L3),Open-web solving is non-reproducible; held-out answers limit transparency; exact-match underscores valid variants,ICLR 2024,peer-reviewed,2023,2311.12983,True,n/a,
WebShop,Long-horizon planning (W1); Multi-turn query reformulation (W2); Web perception (W4),"Programmatic/deterministic, reward-based (H1)",Simulated e-commerce web environment (E2b),Task score (attribute/price match reward); Success rate,Single simulated shopping domain; heuristic reward may not reflect true user satisfaction,NeurIPS 2022,peer-reviewed,2022,2207.01206,True,C,
WebArena,Web/environment perception (W4); Long-horizon planning (W1); Tool execution (W3),"Programmatic/deterministic, outcome-based (H1)",Web/browser container; self-hosted functional websites (E2b),Task success rate (functional correctness),Frozen replica sites drift from live web; limited domains; stateful-reset fragility,ICLR 2024,peer-reviewed,2023,2307.13854,True,C,
VisualWebArena,"Visual/environment perception (W4, core); Long-horizon planning (W1); Multi-turn reasoning (W2); Tool execution (W3)","Programmatic/deterministic, state-based (H1) with fuzzy/LLM answer match (H2 component)",Multimodal web/browser containers (E2b),Task success rate,Three self-hosted site types only; image/Docker snapshots affect reproducibility,ACL 2024,peer-reviewed,2024,2401.13649,True,C,
AssistantBench,Long-horizon planning (W1); Multi-turn reasoning (W2); Web navigation/tool execution (W3); Live-page perception (W4),"Programmatic/deterministic, answer accuracy/precision (H1)","Open live web, 258 real websites (E2b)",Accuracy; Precision (partial credit),Live-web answer/page drift threatens reproducibility; 214 tasks limit statistical power,EMNLP 2024,peer-reviewed,2024,2407.15711,True,C,
WorkArena,Long-horizon enterprise workflows (W1); Multi-turn reasoning (W2); UI/API execution (W3); DOM/screenshot perception (W4),"Programmatic/deterministic, server-side state validation (H1)",Enterprise SaaS platform (ServiceNow) via browser (E2b),Task success rate,Requires live remote instance (access/reproducibility friction); single-vendor enterprise scope,ICML 2024,peer-reviewed,2024,2403.07718,True,D,L1-L3 difficulty levels reported
OSWorld,"Environment perception/GUI grounding (W4, core); Planning (W1); OS/tool execution (W3); Multimodality","Programmatic/deterministic, execution-based scripts (H1)",Virtual operating systems; Ubuntu/Windows/macOS VMs (E2a),Execution-based success rate over 369 tasks,High operational cost; environment setup fragility; GUI grounding is the limiting bottleneck,NeurIPS 2024 (Datasets & Benchmarks),peer-reviewed,2024,2404.07972,True,C,
AgentBench,Planning (W1); Tool execution (W3); Reasoning (W2) across 8 environments,"Programmatic/deterministic, per-environment (H1)",Multi-topology: OS sandbox (E2a); DB/code (E2c); games (E2d),Per-environment success rate; aggregated overall score,Heterogeneous scoring hard to aggregate; some sub-environments near-static; uneven difficulty,ICLR 2024,peer-reviewed,2023,2308.03688,True,C,
AgentBoard,Long-horizon planning with progress tracking (W1); Multi-turn reasoning (W2); Tool execution (W3); Perception (W4),"Programmatic/deterministic, progress-rate + success (H1)",Multi-topology: web (E2b); embodied/game worlds (E2d),Success rate; Progress rate,Aggregates heterogeneous sub-environments; progress rate requires per-task intermediate-goal annotation,NeurIPS 2024 (Datasets & Benchmarks, Oral),peer-reviewed,2024,True,D,fine-grained progress-rate metric
SWE-bench,Tool/code execution (W3); Long-horizon multi-file planning (W1); Multi-turn reasoning (W2),Programmatic/deterministic (H1),Code execution environment; Dockerized GitHub repositories (E2c),% Resolved; Fail-to-Pass test rate; Pass-to-Pass test rate,Python-only repositories; public-issue contamination risk; tests are partial correctness oracles,ICLR 2024 (Oral),peer-reviewed,2023,2310.06770,True,E,horizon collapse documented externally (SWE-bench-Verified; single-file-patch composition)
AppWorld,Long-horizon multi-app tasks (W1); Tool/API execution across 457 APIs (W3); Multi-turn reasoning (W2); Collateral-damage/safety checks (W6),"Programmatic/deterministic, state-based unit tests (H1)",Simulated multi-app world; interactive code execution (E2c),Task goal completion (Normal/Challenge splits),Simulated (not real) apps create an ecological-validity gap; unit-test oracles may miss valid unanticipated solutions,ACL 2024 (Best Resource Paper),peer-reviewed,2024,2407.18901,True,C,
ToolBench (ToolLLM),"Tool/API execution across 16k+ APIs (W3, core); Multi-step solution paths (W1); Multi-turn tool reasoning (W2)",LLM-as-a-judge via ToolEval (H2) with executability checks (H1 component),Live REST/RapidAPI tool execution (E2c),Pass rate; Win rate (ToolEval),Live RapidAPI dependency breaks reproducibility as APIs deprecate; LLM-judge grader bias and non-determinism,ICLR 2024 (Spotlight),peer-reviewed,2023,2307.16789,True,C,
tau-bench,"Multi-turn user-agent dialogue (W2, core); Tool/API execution (W3); Policy/rule adherence (W1, W6)",Programmatic goal-state check (H1) with LLM user-simulator (H2 component),Dynamic conversational tool/API environment with simulated-user loop (E2c),pass@1; pass^k (reliability over k trials),LLM user-simulator injects non-determinism; retail/airline domains only,ICLR 2025,peer-reviewed,2024,2406.12045,True,C,
ScienceWorld,Long-horizon experiment procedures (W1); Multi-turn text actions (W2); Text-world state perception (W4),"Programmatic/deterministic, graded task completion (H1)",Interactive text-based simulated science world (E2d),Task score (0-1 graded completion) over 30 task types,Text-only simulation limits transfer to embodied/visual settings; templated tasks may overstate generalization,EMNLP 2022,peer-reviewed,2022,2203.07540,True,D,subgoal/progress scoring
AgentVerse,"Multi-agent coordination (W5, core); Multi-step task solving (W1); Tool utilization (W3); Multi-turn group dialogue (W2)",Programmatic on objective tasks (H1) + LLM-as-a-judge/qualitative emergent-behavior analysis (H2),Multi-agent framework + embodied (Minecraft) and tool/coding tasks (E2d),Task-specific accuracy/success (no unified metric),Framework rather than fixed benchmark suite weakens comparability; emergent-behavior findings are largely qualitative,ICLR 2024,peer-reviewed,2023,2308.10848,True,C,
Cybench,"Cyber-offensive capability/risk (W6, core); Multi-step exploit chains (W1); Shell/tool command execution (W3); Environment perception (W4)","Programmatic/deterministic, capture-the-flag verification (H1)","Containerized command-execution environment, 40 CTF tasks (E2c/E2a)",Task success (flag capture) rate; Subtask success rate,Recent CTF tasks risk solution leakage/contamination over time; offensive-security-specific scope,ICLR 2025 (Oral),peer-reviewed,2024,2408.08926,True,D,subtask-level CTF scoring
BrowserGym,Evaluation infrastructure (hosts W1-W4 web benchmarks); not itself a capability test,Inherits from hosted benchmarks (primarily H1),"Unified web/browser harness (E2b) hosting WebArena, VisualWebArena, WorkArena, MiniWoB++, etc.",N/A (provides observation/action spaces; metrics defined by hosted benchmark),"Harness/library, not a benchmark: results depend on hosted suite and version, complicating cross-paper comparison",arXiv preprint,preprint-unverified,2024,2412.05467,False,,
SWE-bench Verified,Tool/code execution (W3); Long-horizon multi-file planning (W1); Multi-turn reasoning (W2),Programmatic/deterministic (H1),Code execution environment; Dockerized GitHub repositories (E2c),% Resolved,Human-validated 500-task subset of SWE-bench released as a resource (not independently peer-reviewed); shares parent contamination concerns but mitigates label noise; not retrievable by abstract-level search,Curated release (OpenAI),preprint-unverified,2024,,False,E,human-verified subset; depth still largely single-file
